ticker,year,sales,operating_profit,opm,gross_profit,net_income,eps,shares_outstanding
COMP01,2010,1000,150.0,0.15,400,80.0,0.8,100
COMP01,2011,1050,157.5,0.15,420,84.0,0.84,100
COMP01,2012,1100,165.0,0.15,440,88.0,0.88,100
COMP01,2013,1150,172.5,0.15,460,92.0,0.92,100
COMP01,2014,1200,180.0,0.15,480,96.0,0.96,100
COMP01,2015,1250,187.5,0.15,500,100.0,1.0,100
COMP01,2016,1300,195.0,0.15,520,104.0,1.04,100
COMP01,2017,1350,202.5,0.15,540,108.0,1.08,100
COMP01,2018,1400,210.0,0.15,560,112.0,1.12,100
COMP01,2019,1450,217.5,0.15,580,116.0,1.16,100
COMP01,2020,1500,225.0,0.15,600,120.0,1.2,100
COMP01,2021,1550,232.5,0.15,620,124.0,1.24,100
COMP01,2022,1600,240.0,0.15,640,128.0,1.28,100
COMP01,2023,1650,247.5,0.15,660,132.0,1.32,100
COMP02,2010,1010,151.5,0.15,404,80.8,0.8079999999999999,100
COMP02,2011,1060,159.0,0.15,424,84.8,0.848,100
COMP02,2012,1110,166.5,0.15,444,88.8,0.888,100
COMP02,2013,1160,174.0,0.15,464,92.8,0.9279999999999999,100
COMP02,2014,1210,181.5,0.15,484,96.8,0.968,100
COMP02,2015,1260,189.0,0.15,504,100.8,1.008,100
COMP02,2016,1310,196.5,0.15,524,104.8,1.048,100
COMP02,2017,1360,204.0,0.15,544,108.8,1.088,100
COMP02,2018,1410,211.5,0.15,564,112.8,1.128,100
COMP02,2019,1460,219.0,0.15,584,116.8,1.168,100
COMP02,2020,1510,226.5,0.15,604,120.8,1.208,100
COMP02,2021,1560,234.0,0.15,624,124.8,1.248,100
COMP02,2022,1610,241.5,0.15,644,128.8,1.288,100
COMP02,2023,1660,249.0,0.15,664,132.8,1.328,100
COMP03,2010,1020,153.0,0.15,408,81.60000000000001,0.8160000000000001,100
COMP03,2011,1070,160.5,0.15,428,85.60000000000001,0.8560000000000001,100
COMP03,2012,1120,168.0,0.15,448,89.60000000000001,0.8960000000000001,100
COMP03,2013,1170,175.5,0.15,468,93.60000000000001,0.936,100
COMP03,2014,1220,183.0,0.15,488,97.60000000000001,0.9760000000000001,100
COMP03,2015,1270,190.5,0.15,508,101.6,1.016,100
COMP03,2016,1320,198.0,0.15,528,105.6,1.056,100
COMP03,2017,1370,205.5,0.15,548,109.6,1.096,100
COMP03,2018,1420,213.0,0.15,568,113.6,1.136,100
COMP03,2019,1470,220.5,0.15,588,117.6,1.176,100
COMP03,2020,1520,228.0,0.15,608,121.6,1.216,100
COMP03,2021,1570,235.5,0.15,628,125.6,1.256,100
COMP03,2022,1620,243.0,0.15,648,129.6,1.296,100
COMP03,2023,1670,250.5,0.15,668,133.6,1.336,100
COMP04,2010,1030,154.5,0.15,412,82.4,0.8240000000000001,100
COMP04,2011,1080,162.0,0.15,432,86.4,0.8640000000000001,100
COMP04,2012,1130,169.5,0.15,452,90.4,0.904,100
COMP04,2013,1180,177.0,0.15,472,94.4,0.9440000000000001,100
COMP04,2014,1230,184.5,0.15,492,98.4,0.9840000000000001,100
COMP04,2015,1280,192.0,0.15,512,102.4,1.024,100
COMP04,2016,1330,199.5,0.15,532,106.4,1.064,100
COMP04,2017,1380,207.0,0.15,552,110.4,1.104,100
COMP04,2018,1430,214.5,0.15,572,114.4,1.144,100
COMP04,2019,1480,222.0,0.15,592,118.4,1.184,100
COMP04,2020,1530,229.5,0.15,612,122.4,1.224,100
COMP04,2021,1580,237.0,0.15,632,126.4,1.264,100
COMP04,2022,1630,244.5,0.15,652,130.4,1.304,100
COMP04,2023,1680,252.0,0.15,672,134.4,1.344,100
COMP05,2010,1040,156.0,0.15,416,83.2,0.8320000000000001,100
COMP05,2011,1090,163.5,0.15,436,87.2,0.872,100
COMP05,2012,1140,171.0,0.15,456,91.2,0.912,100
COMP05,2013,1190,178.5,0.15,476,95.2,0.9520000000000001,100
COMP05,2014,1240,186.0,0.15,496,99.2,0.992,100
COMP05,2015,1290,193.5,0.15,516,103.2,1.032,100
COMP05,2016,1340,201.0,0.15,536,107.2,1.072,100
COMP05,2017,1390,208.5,0.15,556,111.2,1.112,100
COMP05,2018,1440,216.0,0.15,576,115.2,1.152,100
COMP05,2019,1490,223.5,0.15,596,119.2,1.192,100
COMP05,2020,1540,231.0,0.15,616,123.2,1.232,100
COMP05,2021,1590,238.5,0.15,636,127.2,1.272,100
COMP05,2022,1640,246.0,0.15,656,131.2,1.312,100
COMP05,2023,1690,253.5,0.15,676,135.2,1.352,100
COMP06,2010,1050,157.5,0.15,420,84.0,0.84,100
COMP06,2011,1100,165.0,0.15,440,88.0,0.88,100
COMP06,2012,1150,172.5,0.15,460,92.0,0.92,100
COMP06,2013,1200,180.0,0.15,480,96.0,0.96,100
COMP06,2014,1250,187.5,0.15,500,100.0,1.0,100
COMP06,2015,1300,195.0,0.15,520,104.0,1.04,100
COMP06,2016,1350,202.5,0.15,540,108.0,1.08,100
COMP06,2017,1400,210.0,0.15,560,112.0,1.12,100
COMP06,2018,1450,217.5,0.15,580,116.0,1.16,100
COMP06,2019,1500,225.0,0.15,600,120.0,1.2,100
COMP06,2020,1550,232.5,0.15,620,124.0,1.24,100
COMP06,2021,1600,240.0,0.15,640,128.0,1.28,100
COMP06,2022,1650,247.5,0.15,660,132.0,1.32,100
COMP06,2023,1700,255.0,0.15,680,136.0,1.36,100
COMP07,2010,1060,159.0,0.15,424,84.8,0.848,100
COMP07,2011,1110,166.5,0.15,444,88.8,0.888,100
COMP07,2012,1160,174.0,0.15,464,92.8,0.9279999999999999,100
COMP07,2013,1210,181.5,0.15,484,96.8,0.968,100
COMP07,2014,1260,189.0,0.15,504,100.8,1.008,100
COMP07,2015,1310,196.5,0.15,524,104.8,1.048,100
COMP07,2016,1360,204.0,0.15,544,108.8,1.088,100
COMP07,2017,1410,211.5,0.15,564,112.8,1.128,100
COMP07,2018,1460,219.0,0.15,584,116.8,1.168,100
COMP07,2019,1510,226.5,0.15,604,120.8,1.208,100
COMP07,2020,1560,234.0,0.15,624,124.8,1.248,100
COMP07,2021,1610,241.5,0.15,644,128.8,1.288,100
COMP07,2022,1660,249.0,0.15,664,132.8,1.328,100
COMP07,2023,1710,256.5,0.15,684,136.8,1.368,100
COMP08,2010,1070,160.5,0.15,428,85.60000000000001,0.8560000000000001,100
COMP08,2011,1120,168.0,0.15,448,89.60000000000001,0.8960000000000001,100
COMP08,2012,1170,175.5,0.15,468,93.60000000000001,0.936,100
COMP08,2013,1220,183.0,0.15,488,97.60000000000001,0.9760000000000001,100
COMP08,2014,1270,190.5,0.15,508,101.6,1.016,100
COMP08,2015,1320,198.0,0.15,528,105.6,1.056,100
COMP08,2016,1370,205.5,0.15,548,109.6,1.096,100
COMP08,2017,1420,213.0,0.15,568,113.6,1.136,100
COMP08,2018,1470,220.5,0.15,588,117.6,1.176,100
COMP08,2019,1520,228.0,0.15,608,121.6,1.216,100
COMP08,2020,1570,235.5,0.15,628,125.6,1.256,100
COMP08,2021,1620,243.0,0.15,648,129.6,1.296,100
COMP08,2022,1670,250.5,0.15,668,133.6,1.336,100
COMP08,2023,1720,258.0,0.15,688,137.6,1.376,100
COMP09,2010,1080,162.0,0.15,432,86.4,0.8640000000000001,100
COMP09,2011,1130,169.5,0.15,452,90.4,0.904,100
COMP09,2012,1180,177.0,0.15,472,94.4,0.9440000000000001,100
COMP09,2013,1230,184.5,0.15,492,98.4,0.9840000000000001,100
COMP09,2014,1280,192.0,0.15,512,102.4,1.024,100
COMP09,2015,1330,199.5,0.15,532,106.4,1.064,100
COMP09,2016,1380,207.0,0.15,552,110.4,1.104,100
COMP09,2017,1430,214.5,0.15,572,114.4,1.144,100
COMP09,2018,1480,222.0,0.15,592,118.4,1.184,100
COMP09,2019,1530,229.5,0.15,612,122.4,1.224,100
COMP09,2020,1580,237.0,0.15,632,126.4,1.264,100
COMP09,2021,1630,244.5,0.15,652,130.4,1.304,100
COMP09,2022,1680,252.0,0.15,672,134.4,1.344,100
COMP09,2023,1730,259.5,0.15,692,138.4,1.384,100
COMP10,2010,0,163.5,0.15,436,87.2,0.872,100
COMP10,2011,1140,171.0,0.15,456,91.2,0.912,100
COMP10,2012,1190,178.5,0.15,476,95.2,0.9520000000000001,100
COMP10,2013,1240,186.0,0.15,496,99.2,0.992,100
COMP10,2014,1290,193.5,0.15,516,103.2,1.032,100
COMP10,2015,1340,201.0,0.15,536,107.2,1.072,100
COMP10,2016,1390,208.5,0.15,556,111.2,1.112,100
COMP10,2017,1440,216.0,0.15,576,115.2,1.152,100
COMP10,2018,1490,223.5,0.15,596,119.2,1.192,100
COMP10,2019,1540,231.0,0.15,616,123.2,1.232,100
COMP10,2020,1590,238.5,0.15,636,127.2,1.272,100
COMP10,2021,1640,246.0,0.15,656,131.2,1.312,100
COMP10,2022,1690,253.5,0.15,676,135.2,1.352,100
COMP10,2023,1740,261.0,0.15,696,139.2,1.392,100
COMP11,2010,1100,165.0,0.15,440,88.0,0.88,100
COMP11,2011,1150,172.5,0.15,460,92.0,0.92,100
COMP11,2012,1200,180.0,0.15,480,96.0,0.96,100
COMP11,2013,1250,187.5,0.15,500,100.0,1.0,100
COMP11,2014,1300,195.0,0.15,520,104.0,1.04,100
COMP11,2015,1350,202.5,0.15,540,108.0,1.08,100
COMP11,2016,1400,210.0,0.15,560,112.0,1.12,100
COMP11,2017,1450,217.5,0.15,580,116.0,1.16,100
COMP11,2018,1500,225.0,0.15,600,120.0,1.2,100
COMP11,2019,1550,232.5,0.15,620,124.0,1.24,100
COMP11,2020,1600,240.0,0.15,640,128.0,1.28,100
COMP11,2021,1650,247.5,0.15,660,132.0,1.32,100
COMP11,2022,1700,255.0,0.15,680,136.0,1.36,100
COMP11,2023,1750,262.5,0.15,700,140.0,1.4,100
COMP12,2010,1110,166.5,0.15,444,88.8,0.888,100
COMP12,2011,1160,174.0,0.15,464,92.8,0.9279999999999999,100
COMP12,2012,1210,100.0,0.15,50,96.8,0.968,100
COMP12,2013,1260,189.0,0.15,504,100.8,1.008,100
COMP12,2014,1310,196.5,0.15,524,104.8,1.048,100
COMP12,2015,1360,204.0,0.15,544,108.8,1.088,100
COMP12,2016,1410,211.5,0.15,564,112.8,1.128,100
COMP12,2017,1460,219.0,0.15,584,116.8,1.168,100
COMP12,2018,1510,226.5,0.15,604,120.8,1.208,100
COMP12,2019,1560,234.0,0.15,624,124.8,1.248,100
COMP12,2020,1610,241.5,0.15,644,128.8,1.288,100
COMP12,2021,1660,249.0,0.15,664,132.8,1.328,100
COMP12,2022,1710,256.5,0.15,684,136.8,1.368,100
COMP12,2023,1760,264.0,0.15,704,140.8,1.408,100
COMP13,2010,1120,168.0,0.15,448,89.60000000000001,0.8960000000000001,100
COMP13,2011,1170,175.5,0.15,468,93.60000000000001,0.936,100
COMP13,2012,1220,183.0,0.15,488,97.60000000000001,0.9760000000000001,100
COMP13,2013,1270,190.5,0.15,508,101.6,1.016,100
COMP13,2014,1320,198.0,0.15,528,105.6,1.056,100
COMP13,2015,1370,205.5,0.15,548,109.6,1.096,100
COMP13,2016,1420,213.0,0.15,568,113.6,1.136,100
COMP13,2017,1470,220.5,0.15,588,117.6,1.176,100
COMP13,2018,1520,228.0,0.15,608,121.6,1.216,100
COMP13,2019,1570,235.5,0.15,628,125.6,1.256,100
COMP13,2020,1620,243.0,0.15,648,129.6,1.296,100
COMP13,2021,1670,250.5,0.15,668,133.6,1.336,100
COMP13,2022,1720,258.0,0.15,688,137.6,1.376,100
COMP13,2023,1770,265.5,0.15,708,141.6,1.416,100
COMP14,2010,1130,169.5,0.15,452,90.4,0.904,100
COMP14,2011,1180,177.0,0.15,472,94.4,0.9440000000000001,100
COMP14,2012,1230,184.5,0.15,492,98.4,0.9840000000000001,100
COMP14,2013,1280,192.0,0.15,512,102.4,1.024,100
COMP14,2014,1330,199.5,0.15,532,106.4,1.064,100
COMP14,2015,1380,207.0,0.15,552,110.4,1.104,100
COMP14,2016,1430,214.5,0.15,572,114.4,1.144,100
COMP14,2017,1480,222.0,0.15,592,118.4,1.184,100
COMP14,2018,1530,229.5,0.15,612,122.4,1.224,100
COMP14,2019,1580,237.0,0.15,632,126.4,1.264,100
COMP14,2020,1630,244.5,0.15,652,130.4,1.304,100
COMP14,2021,1680,252.0,0.15,672,134.4,1.344,100
COMP14,2022,1730,259.5,0.15,692,138.4,1.384,100
COMP14,2023,1780,267.0,0.15,712,142.4,1.424,100
COMP15,2010,1140,171.0,0.15,456,91.2,0.912,100
COMP15,2011,1190,178.5,0.15,476,95.2,0.9520000000000001,100
COMP15,2012,1240,186.0,0.15,496,99.2,0.992,100
COMP15,2013,1290,193.5,0.15,516,103.2,1.032,100
COMP15,2014,1340,201.0,0.15,536,107.2,1.072,100
COMP15,2015,1390,208.5,0.15,556,111.2,1.112,100
COMP15,2016,1440,216.0,0.15,576,115.2,1.152,100
COMP15,2017,1490,223.5,0.15,596,119.2,1.192,100
COMP15,2018,1540,231.0,0.15,616,123.2,1.232,100
COMP15,2019,1590,238.5,0.15,636,127.2,1.272,100
COMP15,2020,1640,246.0,0.15,656,131.2,1.312,100
COMP15,2021,1690,253.5,0.15,676,135.2,1.352,100
COMP15,2022,1740,261.0,0.15,696,139.2,1.392,100
COMP15,2023,1790,268.5,0.15,716,143.2,1.432,100
COMP16,2010,1150,172.5,0.15,460,92.0,0.92,100
COMP16,2011,1200,180.0,0.15,480,96.0,0.96,100
COMP16,2012,1250,187.5,0.15,500,100.0,1.0,100
COMP16,2013,1300,195.0,0.15,520,104.0,1.04,100
COMP16,2014,1350,202.5,0.15,540,108.0,1.08,100
COMP16,2015,1400,210.0,0.15,560,112.0,1.12,100
COMP16,2016,1450,217.5,0.15,580,116.0,1.16,100
COMP16,2017,1500,225.0,0.15,600,120.0,1.2,100
COMP16,2018,1550,232.5,0.15,620,124.0,1.24,100
COMP16,2019,1600,240.0,0.15,640,128.0,1.28,100
COMP16,2020,1650,247.5,0.15,660,132.0,1.32,100
COMP16,2021,1700,255.0,0.15,680,136.0,1.36,100
COMP16,2022,1750,262.5,0.15,700,140.0,1.4,100
COMP16,2023,1800,270.0,0.15,720,144.0,1.44,100
COMP17,2010,1160,174.0,0.15,464,92.8,0.9279999999999999,100
COMP17,2011,1210,181.5,0.15,484,96.8,0.968,100
COMP17,2012,1260,189.0,0.15,504,100.8,1.008,100
COMP17,2013,1310,196.5,0.15,524,104.8,1.048,100
COMP17,2014,1360,204.0,0.15,544,108.8,1.088,100
COMP17,2015,1410,211.5,0.15,564,112.8,1.128,100
COMP17,2016,1460,219.0,0.15,584,116.8,1.168,100
COMP17,2017,1510,226.5,0.15,604,120.8,1.208,100
COMP17,2018,1560,234.0,0.15,624,124.8,1.248,100
COMP17,2019,1610,241.5,0.15,644,128.8,1.288,100
COMP17,2020,1660,249.0,0.15,664,132.8,1.328,100
COMP17,2021,1710,256.5,0.15,684,136.8,1.368,100
COMP17,2022,1760,264.0,0.15,704,140.8,1.408,100
COMP17,2023,1810,271.5,0.15,724,144.8,1.448,100
COMP18,2010,1170,175.5,0.15,468,93.60000000000001,0.936,100
COMP18,2011,1220,183.0,0.15,488,97.60000000000001,0.9760000000000001,100
COMP18,2012,1270,190.5,0.15,508,101.6,1.016,100
COMP18,2013,1320,198.0,0.15,528,105.6,1.056,100
COMP18,2014,1370,205.5,0.15,548,109.6,1.096,100
COMP18,2015,1420,213.0,0.15,568,113.6,1.136,100
COMP18,2016,1470,220.5,0.15,588,117.6,1.176,100
COMP18,2017,1520,228.0,0.15,608,121.6,1.216,100
COMP18,2018,1570,235.5,0.15,628,125.6,1.256,100
COMP18,2019,1620,243.0,0.15,648,129.6,1.296,100
COMP18,2020,1670,250.5,0.15,668,133.6,1.336,100
COMP18,2021,1720,258.0,0.15,688,137.6,1.376,100
COMP18,2022,1770,265.5,0.15,708,141.6,1.416,100
COMP18,2023,1820,273.0,0.15,728,145.6,1.456,100
COMP19,2010,1180,177.0,0.15,472,94.4,0.9440000000000001,100
COMP19,2011,1230,184.5,0.15,492,98.4,0.9840000000000001,100
COMP19,2012,1280,192.0,0.15,512,102.4,1.024,100
COMP19,2013,1330,199.5,0.15,532,106.4,1.064,100
COMP19,2014,1380,207.0,0.15,552,110.4,1.104,100
COMP19,2015,1430,214.5,0.15,572,114.4,1.144,100
COMP19,2016,1480,222.0,0.15,592,118.4,1.184,100
COMP19,2017,1530,229.5,0.15,612,122.4,1.224,100
COMP19,2018,1580,237.0,0.15,632,126.4,1.264,100
COMP19,2019,1630,244.5,0.15,652,130.4,1.304,100
COMP19,2020,1680,252.0,0.15,672,134.4,1.344,100
COMP19,2021,1730,259.5,0.15,692,138.4,1.384,100
COMP19,2022,1780,267.0,0.15,712,142.4,1.424,100
COMP19,2023,1830,274.5,0.15,732,146.4,1.464,100
COMP20,2010,1190,178.5,0.15,476,95.2,0.9520000000000001,100
COMP20,2011,1240,186.0,0.15,496,99.2,0.992,100
COMP20,2012,1290,193.5,0.15,516,103.2,1.032,100
COMP20,2013,1340,201.0,0.15,536,107.2,1.072,100
COMP20,2014,1390,208.5,0.15,556,111.2,1.112,100
COMP20,2015,1440,216.0,0.15,576,115.2,1.152,100
COMP20,2016,1490,223.5,0.15,596,119.2,1.192,100
COMP20,2017,1540,231.0,0.15,616,123.2,1.232,100
COMP20,2018,1590,238.5,0.15,636,127.2,1.272,100
COMP20,2019,1640,246.0,0.15,656,131.2,1.312,100
COMP20,2020,1690,253.5,0.15,676,135.2,1.352,100
COMP20,2021,1740,261.0,0.15,696,139.2,1.392,100
COMP20,2022,1790,268.5,0.15,716,143.2,1.432,100
COMP20,2023,1840,276.0,0.15,736,147.2,1.472,100
COMP21,2010,1200,180.0,0.15,480,96.0,0.96,100
COMP21,2011,1250,187.5,0.15,500,100.0,1.0,100
COMP21,2012,1300,195.0,0.15,520,104.0,1.04,100
COMP21,2013,1350,202.5,0.15,540,108.0,1.08,100
COMP21,2014,1400,210.0,0.15,560,112.0,1.12,100
COMP21,2015,1450,217.5,0.15,580,116.0,1.16,100
COMP21,2016,1500,225.0,0.15,600,120.0,1.2,100
COMP21,2017,1550,232.5,0.15,620,124.0,1.24,100
COMP21,2018,1600,240.0,0.15,640,128.0,1.28,100
COMP21,2019,1650,247.5,0.15,660,132.0,1.32,100
COMP21,2020,1700,255.0,0.15,680,136.0,1.36,100
COMP21,2021,1750,262.5,0.15,700,140.0,1.4,100
COMP21,2022,1800,270.0,0.15,720,144.0,1.44,100
COMP21,2023,1850,277.5,0.15,740,148.0,1.48,100
COMP22,2010,1210,181.5,0.15,484,96.8,0.968,100
COMP22,2011,1260,189.0,0.15,504,100.8,1.008,100
COMP22,2012,1310,196.5,0.15,524,104.8,1.048,100
COMP22,2013,1360,204.0,0.15,544,108.8,1.088,100
COMP22,2014,1410,211.5,0.15,564,112.8,1.128,100
COMP22,2015,1460,219.0,0.15,584,116.8,1.168,100
COMP22,2016,1510,226.5,0.15,604,120.8,1.208,100
COMP22,2017,1560,234.0,0.15,624,124.8,1.248,100
COMP22,2018,1610,241.5,0.15,644,128.8,1.288,100
COMP22,2019,1660,249.0,0.15,664,132.8,1.328,100
COMP22,2020,1710,256.5,0.15,684,136.8,1.368,100
COMP22,2021,1760,264.0,0.15,704,140.8,1.408,100
COMP22,2022,1810,271.5,0.15,724,144.8,1.448,100
COMP22,2023,1860,279.0,0.15,744,148.8,1.488,100
COMP23,2010,1220,183.0,0.15,488,97.60000000000001,0.9760000000000001,100
COMP23,2011,1270,190.5,0.15,508,101.6,1.016,100
COMP23,2012,1320,198.0,0.15,528,105.6,1.056,100
COMP23,2013,1370,205.5,0.15,548,109.6,1.096,100
COMP23,2014,1420,213.0,0.15,568,113.6,1.136,100
COMP23,2015,1470,220.5,0.15,588,117.6,1.176,100
COMP23,2016,1520,228.0,0.15,608,121.6,1.216,100
COMP23,2017,1570,235.5,0.15,628,125.6,1.256,100
COMP23,2018,1620,243.0,0.15,648,129.6,1.296,100
COMP23,2019,1670,250.5,0.15,668,133.6,1.336,100
COMP23,2020,1720,258.0,0.15,688,137.6,1.376,100
COMP23,2021,1770,265.5,0.15,708,141.6,1.416,100
COMP23,2022,1820,273.0,0.15,728,145.6,1.456,100
COMP23,2023,1870,280.5,0.15,748,149.6,1.496,100
COMP24,2010,1230,184.5,0.15,492,98.4,0.9840000000000001,100
COMP24,2011,1280,192.0,0.15,512,102.4,1.024,100
COMP24,2012,1330,199.5,0.15,532,106.4,1.064,100
COMP24,2013,1380,207.0,0.15,552,110.4,1.104,100
COMP24,2014,1430,214.5,0.15,572,114.4,1.144,100
COMP24,2015,1480,222.0,0.15,592,118.4,1.184,100
COMP24,2016,1530,229.5,0.15,612,122.4,1.224,100
COMP24,2017,1580,237.0,0.15,632,126.4,1.264,100
COMP24,2018,1630,244.5,0.15,652,130.4,1.304,100
COMP24,2019,1680,252.0,0.15,672,134.4,1.344,100
COMP24,2020,1730,259.5,0.15,692,138.4,1.384,100
COMP24,2021,1780,267.0,0.15,712,142.4,1.424,100
COMP24,2022,1830,274.5,0.15,732,146.4,1.464,100
COMP24,2023,1880,282.0,0.15,752,150.4,1.504,100
COMP25,2010,1240,186.0,0.15,496,99.2,0.992,100
COMP25,2011,1290,193.5,0.15,516,103.2,1.032,100
COMP25,2012,1340,201.0,0.15,536,107.2,1.072,100
COMP25,2013,1390,208.5,0.15,556,111.2,1.112,100
COMP25,2014,1440,216.0,0.15,576,115.2,1.152,100
COMP25,2015,1490,223.5,0.15,596,119.2,1.192,100
COMP25,2016,1540,231.0,0.15,616,123.2,1.232,100
COMP25,2017,1590,238.5,0.15,636,127.2,1.272,100
COMP25,2018,1640,246.0,0.15,656,131.2,1.312,100
COMP25,2019,1690,253.5,0.15,676,135.2,1.352,100
COMP25,2020,1740,261.0,0.15,696,139.2,1.392,100
COMP25,2021,1790,268.5,0.15,716,143.2,1.432,100
COMP25,2022,1840,276.0,0.15,736,147.2,1.472,100
COMP25,2023,1890,283.5,0.15,756,151.2,1.512,100
COMP26,2010,1250,187.5,0.15,500,100.0,1.0,100
COMP26,2011,1300,195.0,0.15,520,104.0,1.04,100
COMP26,2012,1350,202.5,0.15,540,108.0,1.08,100
COMP26,2013,1400,210.0,0.15,560,112.0,1.12,100
COMP26,2014,1450,217.5,0.15,580,116.0,1.16,100
COMP26,2015,1500,225.0,0.15,600,120.0,1.2,100
COMP26,2016,1550,232.5,0.15,620,124.0,1.24,100
COMP26,2017,1600,240.0,0.15,640,128.0,1.28,100
COMP26,2018,1650,247.5,0.15,660,132.0,1.32,100
COMP26,2019,1700,255.0,0.15,680,136.0,1.36,100
COMP26,2020,1750,262.5,0.15,700,140.0,1.4,100
COMP26,2021,1800,270.0,0.15,720,144.0,1.44,100
COMP26,2022,1850,277.5,0.15,740,148.0,1.48,100
COMP26,2023,1900,285.0,0.15,760,152.0,1.52,100
COMP27,2010,1260,189.0,0.15,504,100.8,1.008,100
COMP27,2011,1310,196.5,0.15,524,104.8,1.048,100
COMP27,2012,1360,204.0,0.15,544,108.8,1.088,100
COMP27,2013,1410,211.5,0.15,564,112.8,1.128,100
COMP27,2014,1460,219.0,0.15,584,116.8,1.168,100
COMP27,2015,1510,226.5,0.15,604,120.8,1.208,100
COMP27,2016,1560,234.0,0.15,624,124.8,1.248,100
COMP27,2017,1610,241.5,0.15,644,128.8,1.288,100
COMP27,2018,1660,249.0,0.15,664,132.8,1.328,100
COMP27,2019,1710,256.5,0.15,684,136.8,1.368,100
COMP27,2020,1760,264.0,0.15,704,140.8,1.408,100
COMP27,2021,1810,271.5,0.15,724,144.8,1.448,100
COMP27,2022,1860,279.0,0.15,744,148.8,1.488,100
COMP27,2023,1910,286.5,0.15,764,152.8,1.528,100
COMP28,2010,1270,190.5,0.15,508,101.6,1.016,100
COMP28,2011,1320,198.0,0.15,528,105.6,1.056,100
COMP28,2012,1370,205.5,0.15,548,109.6,1.096,100
COMP28,2013,1420,213.0,0.15,568,113.6,1.136,100
COMP28,2014,1470,220.5,0.15,588,117.6,1.176,100
COMP28,2015,1520,228.0,0.15,608,121.6,1.216,100
COMP28,2016,1570,235.5,0.15,628,125.6,1.256,100
COMP28,2017,1620,243.0,0.15,648,129.6,1.296,100
COMP28,2018,1670,250.5,0.15,668,133.6,1.336,100
COMP28,2019,1720,258.0,0.15,688,137.6,1.376,100
COMP28,2020,1770,265.5,0.15,708,141.6,1.416,100
COMP28,2021,1820,273.0,0.15,728,145.6,1.456,100
COMP28,2022,1870,280.5,0.15,748,149.6,1.496,100
COMP28,2023,1920,288.0,0.15,768,153.6,1.536,100
COMP29,2010,1280,192.0,0.15,512,102.4,1.024,100
COMP29,2011,1330,199.5,0.15,532,106.4,1.064,100
COMP29,2012,1380,207.0,0.15,552,110.4,1.104,100
COMP29,2013,1430,214.5,0.15,572,114.4,1.144,100
COMP29,2014,1480,222.0,0.15,592,118.4,1.184,100
COMP29,2015,1530,229.5,0.15,612,122.4,1.224,100
COMP29,2016,1580,237.0,0.15,632,126.4,1.264,100
COMP29,2017,1630,244.5,0.15,652,130.4,1.304,100
COMP29,2018,1680,252.0,0.15,672,134.4,1.344,100
COMP29,2019,1730,259.5,0.15,692,138.4,1.384,100
COMP29,2020,1780,267.0,0.15,712,142.4,1.424,100
COMP29,2021,1830,274.5,0.15,732,146.4,1.464,100
COMP29,2022,1880,282.0,0.15,752,150.4,1.504,100
COMP29,2023,1930,289.5,0.15,772,154.4,1.544,100
COMP30,2010,1290,193.5,0.15,516,103.2,1.032,100
COMP30,2011,1340,201.0,0.15,536,107.2,1.072,100
COMP30,2012,1390,208.5,0.15,556,111.2,1.112,100
COMP30,2013,1440,216.0,0.15,576,115.2,1.152,100
COMP30,2014,1490,223.5,0.15,596,119.2,1.192,100
COMP30,2015,1540,231.0,0.15,616,123.2,1.232,100
COMP30,2016,1590,238.5,0.15,636,127.2,1.272,100
COMP30,2017,1640,246.0,0.15,656,131.2,1.312,100
COMP30,2018,1690,253.5,0.15,676,135.2,1.352,100
COMP30,2019,1740,261.0,0.15,696,139.2,1.392,100
COMP30,2020,1790,268.5,0.15,716,143.2,1.432,100
COMP30,2021,1840,276.0,0.15,736,147.2,1.472,100
COMP30,2022,1890,283.5,0.15,756,151.2,1.512,100
COMP30,2023,1940,291.0,0.15,776,155.2,1.552,100
COMP31,2010,1300,195.0,0.15,520,104.0,1.04,100
COMP31,2011,1350,202.5,0.15,540,108.0,1.08,100
COMP31,2012,1400,210.0,0.15,560,112.0,1.12,100
COMP31,2013,1450,217.5,0.15,580,116.0,1.16,100
COMP31,2014,1500,225.0,0.15,600,120.0,1.2,100
COMP31,2015,1550,232.5,0.15,620,124.0,1.24,100
COMP31,2016,1600,240.0,0.15,640,128.0,1.28,100
COMP31,2017,1650,247.5,0.15,660,132.0,1.32,100
COMP31,2018,1700,255.0,0.15,680,136.0,1.36,100
COMP31,2019,1750,262.5,0.15,700,140.0,1.4,100
COMP31,2020,1800,270.0,0.15,720,144.0,1.44,100
COMP31,2021,1850,277.5,0.15,740,148.0,1.48,100
COMP31,2022,1900,285.0,0.15,760,152.0,1.52,100
COMP31,2023,1950,292.5,0.15,780,156.0,1.56,100
COMP32,2010,1310,196.5,0.15,524,104.8,1.048,100
COMP32,2011,1360,204.0,0.15,544,108.8,1.088,100
COMP32,2012,1410,211.5,0.15,564,112.8,1.128,100
COMP32,2013,1460,219.0,0.15,584,116.8,1.168,100
COMP32,2014,1510,226.5,0.15,604,120.8,1.208,100
COMP32,2015,1560,234.0,0.15,624,124.8,1.248,100
COMP32,2016,1610,241.5,0.15,644,128.8,1.288,100
COMP32,2017,1660,249.0,0.15,664,132.8,1.328,100
COMP32,2018,1710,256.5,0.15,684,136.8,1.368,100
COMP32,2019,1760,264.0,0.15,704,140.8,1.408,100
COMP32,2020,1810,271.5,0.15,724,144.8,1.448,100
COMP32,2021,1860,279.0,0.15,744,148.8,1.488,100
COMP32,2022,1910,286.5,0.15,764,152.8,1.528,100
COMP32,2023,1960,294.0,0.15,784,156.8,1.568,100
COMP33,2010,1320,198.0,0.15,528,105.6,1.056,100
COMP33,2011,1370,205.5,0.15,548,109.6,1.096,100
COMP33,2012,1420,213.0,0.15,568,113.6,1.136,100
COMP33,2013,1470,220.5,0.15,588,117.6,1.176,100
COMP33,2014,1520,228.0,0.15,608,121.6,1.216,100
COMP33,2015,1570,235.5,0.15,628,125.6,1.256,100
COMP33,2016,1620,243.0,0.15,648,129.6,1.296,100
COMP33,2017,1670,250.5,0.15,668,133.6,1.336,100
COMP33,2018,1720,258.0,0.15,688,137.6,1.376,100
COMP33,2019,1770,265.5,0.15,708,141.6,1.416,100
COMP33,2020,1820,273.0,0.15,728,145.6,1.456,100
COMP33,2021,1870,280.5,0.15,748,149.6,1.496,100
COMP33,2022,1920,288.0,0.15,768,153.6,1.536,100
COMP33,2023,1970,295.5,0.15,788,157.6,1.576,100
COMP34,2010,1330,199.5,0.15,532,106.4,1.064,100
COMP34,2011,1380,207.0,0.15,552,110.4,1.104,100
COMP34,2012,1430,214.5,0.15,572,114.4,1.144,100
COMP34,2013,1480,222.0,0.15,592,118.4,1.184,100
COMP34,2014,1530,229.5,0.15,612,122.4,1.224,100
COMP34,2015,1580,237.0,0.15,632,126.4,1.264,100
COMP34,2016,1630,244.5,0.15,652,130.4,1.304,100
COMP34,2017,1680,252.0,0.15,672,134.4,1.344,100
COMP34,2018,1730,259.5,0.15,692,138.4,1.384,100
COMP34,2019,1780,267.0,0.15,712,142.4,1.424,100
COMP34,2020,1830,274.5,0.15,732,146.4,1.464,100
COMP34,2021,1880,282.0,0.15,752,150.4,1.504,100
COMP34,2022,1930,289.5,0.15,772,154.4,1.544,100
COMP34,2023,1980,297.0,0.15,792,158.4,1.584,100
COMP35,2010,1340,201.0,0.15,536,107.2,1.072,100
COMP35,2011,1390,208.5,0.15,556,111.2,1.112,100
COMP35,2012,1440,216.0,0.15,576,115.2,1.152,100
COMP35,2013,1490,223.5,0.15,596,119.2,1.192,100
COMP35,2014,1540,231.0,0.15,616,123.2,1.232,100
COMP35,2015,1590,238.5,0.15,636,127.2,1.272,100
COMP35,2016,1640,246.0,0.15,656,131.2,1.312,100
COMP35,2017,1690,253.5,0.15,676,135.2,1.352,100
COMP35,2018,1740,261.0,0.15,696,139.2,1.392,100
COMP35,2019,1790,268.5,0.15,716,143.2,1.432,100
COMP35,2020,1840,276.0,0.15,736,147.2,1.472,100
COMP35,2021,1890,283.5,0.15,756,151.2,1.512,100
COMP35,2022,1940,291.0,0.15,776,155.2,1.552,100
COMP35,2023,1990,298.5,0.15,796,159.2,1.592,100
COMP36,2010,1350,202.5,0.15,540,108.0,1.08,100
COMP36,2011,1400,210.0,0.15,560,112.0,1.12,100
COMP36,2012,1450,217.5,0.15,580,116.0,1.16,100
COMP36,2013,1500,225.0,0.15,600,120.0,1.2,100
COMP36,2014,1550,232.5,0.15,620,124.0,1.24,100
COMP36,2015,1600,240.0,0.15,640,128.0,1.28,100
COMP36,2016,1650,247.5,0.15,660,132.0,1.32,100
COMP36,2017,1700,255.0,0.15,680,136.0,1.36,100
COMP36,2018,1750,262.5,0.15,700,140.0,1.4,100
COMP36,2019,1800,270.0,0.15,720,144.0,1.44,100
COMP36,2020,1850,277.5,0.15,740,148.0,1.48,100
COMP36,2021,1900,285.0,0.15,760,152.0,1.52,100
COMP36,2022,1950,292.5,0.15,780,156.0,1.56,100
COMP36,2023,2000,300.0,0.15,800,160.0,1.6,100
COMP37,2010,1360,204.0,0.15,544,108.8,1.088,100
COMP37,2011,1410,211.5,0.15,564,112.8,1.128,100
COMP37,2012,1460,219.0,0.15,584,116.8,1.168,100
COMP37,2013,1510,226.5,0.15,604,120.8,1.208,100
COMP37,2014,1560,234.0,0.15,624,124.8,1.248,100
COMP37,2015,1610,241.5,0.15,644,128.8,1.288,100
COMP37,2016,1660,249.0,0.15,664,132.8,1.328,100
COMP37,2017,1710,256.5,0.15,684,136.8,1.368,100
COMP37,2018,1760,264.0,0.15,704,140.8,1.408,100
COMP37,2019,1810,271.5,0.15,724,144.8,1.448,100
COMP37,2020,1860,279.0,0.15,744,148.8,1.488,100
COMP37,2021,1910,286.5,0.15,764,152.8,1.528,100
COMP37,2022,1960,294.0,0.15,784,156.8,1.568,100
COMP37,2023,2010,301.5,0.15,804,160.8,1.608,100
COMP38,2010,1370,205.5,0.15,548,109.6,1.096,100
COMP38,2011,1420,213.0,0.15,568,113.6,1.136,100
COMP38,2012,1470,220.5,0.15,588,117.6,1.176,100
COMP38,2013,1520,228.0,0.15,608,121.6,1.216,100
COMP38,2014,1570,235.5,0.15,628,125.6,1.256,100
COMP38,2015,1620,243.0,0.15,648,129.6,1.296,100
COMP38,2016,1670,250.5,0.15,668,133.6,1.336,100
COMP38,2017,1720,258.0,0.15,688,137.6,1.376,100
COMP38,2018,1770,265.5,0.15,708,141.6,1.416,100
COMP38,2019,1820,273.0,0.15,728,145.6,1.456,100
COMP38,2020,1870,280.5,0.15,748,149.6,1.496,100
COMP38,2021,1920,288.0,0.15,768,153.6,1.536,100
COMP38,2022,1970,295.5,0.15,788,157.6,1.576,100
COMP38,2023,2020,303.0,0.15,808,161.6,1.616,100
COMP39,2010,1380,207.0,0.15,552,110.4,1.104,100
COMP39,2011,1430,214.5,0.15,572,114.4,1.144,100
COMP39,2012,1480,222.0,0.15,592,118.4,1.184,100
COMP39,2013,1530,229.5,0.15,612,122.4,1.224,100
COMP39,2014,1580,237.0,0.15,632,126.4,1.264,100
COMP39,2015,1630,244.5,0.15,652,130.4,1.304,100
COMP39,2016,1680,252.0,0.15,672,134.4,1.344,100
COMP39,2017,1730,259.5,0.15,692,138.4,1.384,100
COMP39,2018,1780,267.0,0.15,712,142.4,1.424,100
COMP39,2019,1830,274.5,0.15,732,146.4,1.464,100
COMP39,2020,1880,282.0,0.15,752,150.4,1.504,100
COMP39,2021,1930,289.5,0.15,772,154.4,1.544,100
COMP39,2022,1980,297.0,0.15,792,158.4,1.584,100
COMP39,2023,2030,304.5,0.15,812,162.4,1.624,100
COMP40,2010,1390,208.5,0.15,556,111.2,1.112,100
COMP40,2011,1440,216.0,0.15,576,115.2,1.152,100
COMP40,2012,1490,223.5,0.15,596,119.2,1.192,100
COMP40,2013,1540,231.0,0.15,616,123.2,1.232,100
COMP40,2014,1590,238.5,0.15,636,127.2,1.272,100
COMP40,2015,1640,246.0,0.15,656,131.2,1.312,100
COMP40,2016,1690,253.5,0.15,676,135.2,1.352,100
COMP40,2017,1740,261.0,0.15,696,139.2,1.392,100
COMP40,2018,1790,268.5,0.15,716,143.2,1.432,100
COMP40,2019,1840,276.0,0.15,736,147.2,1.472,100
COMP40,2020,1890,283.5,0.15,756,151.2,1.512,100
COMP40,2021,1940,291.0,0.15,776,155.2,1.552,100
COMP40,2022,1990,298.5,0.15,796,159.2,1.592,100
COMP40,2023,2040,306.0,0.15,816,163.2,1.632,100
COMP41,2010,1400,210.0,0.15,560,112.0,1.12,100
COMP41,2011,1450,217.5,0.15,580,116.0,1.16,100
COMP41,2012,1500,225.0,0.15,600,120.0,1.2,100
COMP41,2013,1550,232.5,0.15,620,124.0,1.24,100
COMP41,2014,1600,240.0,0.15,640,128.0,1.28,100
COMP41,2015,1650,247.5,0.15,660,132.0,1.32,100
COMP41,2016,1700,255.0,0.15,680,136.0,1.36,100
COMP41,2017,1750,262.5,0.15,700,140.0,1.4,100
COMP41,2018,1800,270.0,0.15,720,144.0,1.44,100
COMP41,2019,1850,277.5,0.15,740,148.0,1.48,100
COMP41,2020,1900,285.0,0.15,760,152.0,1.52,100
COMP41,2021,1950,292.5,0.15,780,156.0,1.56,100
COMP41,2022,2000,300.0,0.15,800,160.0,1.6,100
COMP41,2023,2050,307.5,0.15,820,164.0,1.64,100
COMP42,2010,1410,211.5,0.15,564,112.8,1.128,100
COMP42,2011,1460,219.0,0.15,584,116.8,1.168,100
COMP42,2012,1510,226.5,0.15,604,120.8,1.208,100
COMP42,2013,1560,234.0,0.15,624,124.8,1.248,100
COMP42,2014,1610,241.5,0.15,644,128.8,1.288,100
COMP42,2015,1660,249.0,0.15,664,132.8,1.328,100
COMP42,2016,1710,256.5,0.15,684,136.8,1.368,100
COMP42,2017,1760,264.0,0.15,704,140.8,1.408,100
COMP42,2018,1810,271.5,0.15,724,144.8,1.448,100
COMP42,2019,1860,279.0,0.15,744,148.8,1.488,100
COMP42,2020,1910,286.5,0.15,764,152.8,1.528,100
COMP42,2021,1960,294.0,0.15,784,156.8,1.568,100
COMP42,2022,2010,301.5,0.15,804,160.8,1.608,100
COMP42,2023,2060,309.0,0.15,824,164.8,1.648,100
COMP43,2010,1420,213.0,0.15,568,113.6,1.136,100
COMP43,2011,1470,220.5,0.15,588,117.6,1.176,100
COMP43,2012,1520,228.0,0.15,608,121.6,1.216,100
COMP43,2013,1570,235.5,0.15,628,125.6,1.256,100
COMP43,2014,1620,243.0,0.15,648,129.6,1.296,100
COMP43,2015,1670,250.5,0.15,668,133.6,1.336,100
COMP43,2016,1720,258.0,0.15,688,137.6,1.376,100
COMP43,2017,1770,265.5,0.15,708,141.6,1.416,100
COMP43,2018,1820,273.0,0.15,728,145.6,1.456,100
COMP43,2019,1870,280.5,0.15,748,149.6,1.496,100
COMP43,2020,1920,288.0,0.15,768,153.6,1.536,100
COMP43,2021,1970,295.5,0.15,788,157.6,1.576,100
COMP43,2022,2020,303.0,0.15,808,161.6,1.616,100
COMP43,2023,2070,310.5,0.15,828,165.6,1.656,100
COMP44,2010,1430,214.5,0.15,572,114.4,1.144,100
COMP44,2011,1480,222.0,0.15,592,118.4,1.184,100
COMP44,2012,1530,229.5,0.15,612,122.4,1.224,100
COMP44,2013,1580,237.0,0.15,632,126.4,1.264,100
COMP44,2014,1630,244.5,0.15,652,130.4,1.304,100
COMP44,2015,1680,252.0,0.15,672,134.4,1.344,100
COMP44,2016,1730,259.5,0.15,692,138.4,1.384,100
COMP44,2017,1780,267.0,0.15,712,142.4,1.424,100
COMP44,2018,1830,274.5,0.15,732,146.4,1.464,100
COMP44,2019,1880,282.0,0.15,752,150.4,1.504,100
COMP44,2020,1930,289.5,0.15,772,154.4,1.544,100
COMP44,2021,1980,297.0,0.15,792,158.4,1.584,100
COMP44,2022,2030,304.5,0.15,812,162.4,1.624,100
COMP44,2023,2080,312.0,0.15,832,166.4,1.664,100
COMP45,2010,1440,216.0,0.15,576,115.2,1.152,100
COMP45,2011,1490,223.5,0.15,596,119.2,1.192,100
COMP45,2012,1540,231.0,0.15,616,123.2,1.232,100
COMP45,2013,1590,238.5,0.15,636,127.2,1.272,100
COMP45,2014,1640,246.0,0.15,656,131.2,1.312,100
COMP45,2015,1690,253.5,0.15,676,135.2,1.352,100
COMP45,2016,1740,261.0,0.15,696,139.2,1.392,100
COMP45,2017,1790,268.5,0.15,716,143.2,1.432,100
COMP45,2018,1840,276.0,0.15,736,147.2,1.472,100
COMP45,2019,1890,283.5,0.15,756,151.2,1.512,100
COMP45,2020,1940,291.0,0.15,776,155.2,1.552,100
COMP45,2021,1990,298.5,0.15,796,159.2,1.592,100
COMP45,2022,2040,306.0,0.15,816,163.2,1.632,100
COMP45,2023,2090,313.5,0.15,836,167.2,1.672,100
COMP46,2010,1450,217.5,0.15,580,116.0,1.16,100
COMP46,2011,1500,225.0,0.15,600,120.0,1.2,100
COMP46,2012,1550,232.5,0.15,620,124.0,1.24,100
COMP46,2013,1600,240.0,0.15,640,128.0,1.28,100
COMP46,2014,1650,247.5,0.15,660,132.0,1.32,100
COMP46,2015,1700,255.0,0.15,680,136.0,1.36,100
COMP46,2016,1750,262.5,0.15,700,140.0,1.4,100
COMP46,2017,1800,270.0,0.15,720,144.0,1.44,100
COMP46,2018,1850,277.5,0.15,740,148.0,1.48,100
COMP46,2019,1900,285.0,0.15,760,152.0,1.52,100
COMP46,2020,1950,292.5,0.15,780,156.0,1.56,100
COMP46,2021,2000,300.0,0.15,800,160.0,1.6,100
COMP46,2022,2050,307.5,0.15,820,164.0,1.64,100
COMP46,2023,2100,315.0,0.15,840,168.0,1.68,100
COMP47,2010,1460,219.0,0.15,584,116.8,1.168,100
COMP47,2011,1510,226.5,0.15,604,120.8,1.208,100
COMP47,2012,1560,234.0,0.15,624,124.8,1.248,100
COMP47,2013,1610,241.5,0.15,644,128.8,1.288,100
COMP47,2014,1660,249.0,0.15,664,132.8,1.328,100
COMP47,2015,1710,256.5,0.15,684,136.8,1.368,100
COMP47,2016,1760,264.0,0.15,704,140.8,1.408,100
COMP47,2017,1810,271.5,0.15,724,144.8,1.448,100
COMP47,2018,1860,279.0,0.15,744,148.8,1.488,100
COMP47,2019,1910,286.5,0.15,764,152.8,1.528,100
COMP47,2020,1960,294.0,0.15,784,156.8,1.568,100
COMP47,2021,2010,301.5,0.15,804,160.8,1.608,100
COMP47,2022,2060,309.0,0.15,824,164.8,1.648,100
COMP47,2023,2110,316.5,0.15,844,168.8,1.688,100
COMP48,2010,1470,220.5,0.15,588,117.6,1.176,100
COMP48,2011,1520,228.0,0.15,608,121.6,1.216,100
COMP48,2012,1570,235.5,0.15,628,125.6,1.256,100
COMP48,2013,1620,243.0,0.15,648,129.6,1.296,100
COMP48,2014,1670,250.5,0.15,668,133.6,1.336,100
COMP48,2015,1720,258.0,0.15,688,137.6,1.376,100
COMP48,2016,1770,265.5,0.15,708,141.6,1.416,100
COMP48,2017,1820,273.0,0.15,728,145.6,1.456,100
COMP48,2018,1870,280.5,0.15,748,149.6,1.496,100
COMP48,2019,1920,288.0,0.15,768,153.6,1.536,100
COMP48,2020,1970,295.5,0.15,788,157.6,1.576,100
COMP48,2021,2020,303.0,0.15,808,161.6,1.616,100
COMP48,2022,2070,310.5,0.15,828,165.6,1.656,100
COMP48,2023,2120,318.0,0.15,848,169.6,1.696,100
COMP49,2010,1480,222.0,0.15,592,118.4,1.184,100
COMP49,2011,1530,229.5,0.15,612,122.4,1.224,100
COMP49,2012,1580,237.0,0.15,632,126.4,1.264,100
COMP49,2013,1630,244.5,0.15,652,130.4,1.304,100
COMP49,2014,1680,252.0,0.15,672,134.4,1.344,100
COMP49,2015,1730,259.5,0.15,692,138.4,1.384,100
COMP49,2016,1780,267.0,0.15,712,142.4,1.424,100
COMP49,2017,1830,274.5,0.15,732,146.4,1.464,100
COMP49,2018,1880,282.0,0.15,752,150.4,1.504,100
COMP49,2019,1930,289.5,0.15,772,154.4,1.544,100
COMP49,2020,1980,297.0,0.15,792,158.4,1.584,100
COMP49,2021,2030,304.5,0.15,812,162.4,1.624,100
COMP49,2022,2080,312.0,0.15,832,166.4,1.664,100
COMP49,2023,2130,319.5,0.15,852,170.4,1.704,100
COMP50,2010,1490,223.5,0.15,596,119.2,1.192,100
COMP50,2011,1540,231.0,0.15,616,123.2,1.232,100
COMP50,2012,1590,238.5,0.15,636,127.2,1.272,100
COMP50,2013,1640,246.0,0.15,656,131.2,1.312,100
COMP50,2014,1690,253.5,0.15,676,135.2,1.352,100
COMP50,2015,1740,261.0,0.15,696,139.2,1.392,100
COMP50,2016,1790,268.5,0.15,716,143.2,1.432,100
COMP50,2017,1840,276.0,0.15,736,147.2,1.472,100
COMP50,2018,1890,283.5,0.15,756,151.2,1.512,100
COMP50,2019,1940,291.0,0.15,776,155.2,1.552,100
COMP50,2020,1990,298.5,0.15,796,159.2,1.592,100
COMP50,2021,2040,306.0,0.15,816,163.2,1.632,100
COMP50,2022,2090,313.5,0.15,836,167.2,1.672,100
COMP50,2023,2140,321.0,0.15,856,171.2,1.712,100
COMP51,2010,1500,225.0,0.15,600,120.0,1.2,100
COMP51,2011,1550,232.5,0.15,620,124.0,1.24,100
COMP51,2012,1600,240.0,0.15,640,128.0,1.28,100
COMP51,2013,1650,247.5,0.15,660,132.0,1.32,100
COMP51,2014,1700,255.0,0.15,680,136.0,1.36,100
COMP51,2015,1750,262.5,0.15,700,140.0,1.4,100
COMP51,2016,1800,270.0,0.15,720,144.0,1.44,100
COMP51,2017,1850,277.5,0.15,740,148.0,1.48,100
COMP51,2018,1900,285.0,0.15,760,152.0,1.52,100
COMP51,2019,1950,292.5,0.15,780,156.0,1.56,100
COMP51,2020,2000,300.0,0.15,800,160.0,1.6,100
COMP51,2021,2050,307.5,0.15,820,164.0,1.64,100
COMP51,2022,2100,315.0,0.15,840,168.0,1.68,100
COMP51,2023,2150,322.5,0.15,860,172.0,1.72,100
COMP52,2010,1510,226.5,0.15,604,120.8,1.208,100
COMP52,2011,1560,234.0,0.15,624,124.8,1.248,100
COMP52,2012,1610,241.5,0.15,644,128.8,1.288,100
COMP52,2013,1660,249.0,0.15,664,132.8,1.328,100
COMP52,2014,1710,256.5,0.15,684,136.8,1.368,100
COMP52,2015,1760,264.0,0.15,704,140.8,1.408,100
COMP52,2016,1810,271.5,0.15,724,144.8,1.448,100
COMP52,2017,1860,279.0,0.15,744,148.8,1.488,100
COMP52,2018,1910,286.5,0.15,764,152.8,1.528,100
COMP52,2019,1960,294.0,0.15,784,156.8,1.568,100
COMP52,2020,2010,301.5,0.15,804,160.8,1.608,100
COMP52,2021,2060,309.0,0.15,824,164.8,1.648,100
COMP52,2022,2110,316.5,0.15,844,168.8,1.688,100
COMP52,2023,2160,324.0,0.15,864,172.8,1.728,100
COMP53,2010,1520,228.0,0.15,608,121.6,1.216,100
COMP53,2011,1570,235.5,0.15,628,125.6,1.256,100
COMP53,2012,1620,243.0,0.15,648,129.6,1.296,100
COMP53,2013,1670,250.5,0.15,668,133.6,1.336,100
COMP53,2014,1720,258.0,0.15,688,137.6,1.376,100
COMP53,2015,1770,265.5,0.15,708,141.6,1.416,100
COMP53,2016,1820,273.0,0.15,728,145.6,1.456,100
COMP53,2017,1870,280.5,0.15,748,149.6,1.496,100
COMP53,2018,1920,288.0,0.15,768,153.6,1.536,100
COMP53,2019,1970,295.5,0.15,788,157.6,1.576,100
COMP53,2020,2020,303.0,0.15,808,161.6,1.616,100
COMP53,2021,2070,310.5,0.15,828,165.6,1.656,100
COMP53,2022,2120,318.0,0.15,848,169.6,1.696,100
COMP53,2023,2170,325.5,0.15,868,173.6,1.736,100
COMP54,2010,1530,229.5,0.15,612,122.4,1.224,100
COMP54,2011,1580,237.0,0.15,632,126.4,1.264,100
COMP54,2012,1630,244.5,0.15,652,130.4,1.304,100
COMP54,2013,1680,252.0,0.15,672,134.4,1.344,100
COMP54,2014,1730,259.5,0.15,692,138.4,1.384,100
COMP54,2015,1780,267.0,0.15,712,142.4,1.424,100
COMP54,2016,1830,274.5,0.15,732,146.4,1.464,100
COMP54,2017,1880,282.0,0.15,752,150.4,1.504,100
COMP54,2018,1930,289.5,0.15,772,154.4,1.544,100
COMP54,2019,1980,297.0,0.15,792,158.4,1.584,100
COMP54,2020,2030,304.5,0.15,812,162.4,1.624,100
COMP54,2021,2080,312.0,0.15,832,166.4,1.664,100
COMP54,2022,2130,319.5,0.15,852,170.4,1.704,100
COMP54,2023,2180,327.0,0.15,872,174.4,1.744,100
COMP55,2010,1540,231.0,0.15,616,123.2,1.232,100
COMP55,2011,1590,238.5,0.15,636,127.2,1.272,100
COMP55,2012,1640,246.0,0.15,656,131.2,1.312,100
COMP55,2013,1690,253.5,0.15,676,135.2,1.352,100
COMP55,2014,1740,261.0,0.15,696,139.2,1.392,100
COMP55,2015,1790,268.5,0.15,716,143.2,1.432,100
COMP55,2016,1840,276.0,0.15,736,147.2,1.472,100
COMP55,2017,1890,283.5,0.15,756,151.2,1.512,100
COMP55,2018,1940,291.0,0.15,776,155.2,1.552,100
COMP55,2019,1990,298.5,0.15,796,159.2,1.592,100
COMP55,2020,2040,306.0,0.15,816,163.2,1.632,100
COMP55,2021,2090,313.5,0.15,836,167.2,1.672,100
COMP55,2022,2140,321.0,0.15,856,171.2,1.712,100
COMP55,2023,2190,328.5,0.15,876,175.2,1.752,100
COMP56,2010,1550,232.5,0.15,620,124.0,1.24,100
COMP56,2011,1600,240.0,0.15,640,128.0,1.28,100
COMP56,2012,1650,247.5,0.15,660,132.0,1.32,100
COMP56,2013,1700,255.0,0.15,680,136.0,1.36,100
COMP56,2014,1750,262.5,0.15,700,140.0,1.4,100
COMP56,2015,1800,270.0,0.15,720,144.0,1.44,100
COMP56,2016,1850,277.5,0.15,740,148.0,1.48,100
COMP56,2017,1900,285.0,0.15,760,152.0,1.52,100
COMP56,2018,1950,292.5,0.15,780,156.0,1.56,100
COMP56,2019,2000,300.0,0.15,800,160.0,1.6,100
COMP56,2020,2050,307.5,0.15,820,164.0,1.64,100
COMP56,2021,2100,315.0,0.15,840,168.0,1.68,100
COMP56,2022,2150,322.5,0.15,860,172.0,1.72,100
COMP56,2023,2200,330.0,0.15,880,176.0,1.76,100
COMP57,2010,1560,234.0,0.15,624,124.8,1.248,100
COMP57,2011,1610,241.5,0.15,644,128.8,1.288,100
COMP57,2012,1660,249.0,0.15,664,132.8,1.328,100
COMP57,2013,1710,256.5,0.15,684,136.8,1.368,100
COMP57,2014,1760,264.0,0.15,704,140.8,1.408,100
COMP57,2015,1810,271.5,0.15,724,144.8,1.448,100
COMP57,2016,1860,279.0,0.15,744,148.8,1.488,100
COMP57,2017,1910,286.5,0.15,764,152.8,1.528,100
COMP57,2018,1960,294.0,0.15,784,156.8,1.568,100
COMP57,2019,2010,301.5,0.15,804,160.8,1.608,100
COMP57,2020,2060,309.0,0.15,824,164.8,1.648,100
COMP57,2021,2110,316.5,0.15,844,168.8,1.688,100
COMP57,2022,2160,324.0,0.15,864,172.8,1.728,100
COMP57,2023,2210,331.5,0.15,884,176.8,1.768,100
COMP58,2010,1570,235.5,0.15,628,125.6,1.256,100
COMP58,2011,1620,243.0,0.15,648,129.6,1.296,100
COMP58,2012,1670,250.5,0.15,668,133.6,1.336,100
COMP58,2013,1720,258.0,0.15,688,137.6,1.376,100
COMP58,2014,1770,265.5,0.15,708,141.6,1.416,100
COMP58,2015,1820,273.0,0.15,728,145.6,1.456,100
COMP58,2016,1870,280.5,0.15,748,149.6,1.496,100
COMP58,2017,1920,288.0,0.15,768,153.6,1.536,100
COMP58,2018,1970,295.5,0.15,788,157.6,1.576,100
COMP58,2019,2020,303.0,0.15,808,161.6,1.616,100
COMP58,2020,2070,310.5,0.15,828,165.6,1.656,100
COMP58,2021,2120,318.0,0.15,848,169.6,1.696,100
COMP58,2022,2170,325.5,0.15,868,173.6,1.736,100
COMP58,2023,2220,333.0,0.15,888,177.6,1.776,100
COMP59,2010,1580,237.0,0.15,632,126.4,1.264,100
COMP59,2011,1630,244.5,0.15,652,130.4,1.304,100
COMP59,2012,1680,252.0,0.15,672,134.4,1.344,100
COMP59,2013,1730,259.5,0.15,692,138.4,1.384,100
COMP59,2014,1780,267.0,0.15,712,142.4,1.424,100
COMP59,2015,1830,274.5,0.15,732,146.4,1.464,100
COMP59,2016,1880,282.0,0.15,752,150.4,1.504,100
COMP59,2017,1930,289.5,0.15,772,154.4,1.544,100
COMP59,2018,1980,297.0,0.15,792,158.4,1.584,100
COMP59,2019,2030,304.5,0.15,812,162.4,1.624,100
COMP59,2020,2080,312.0,0.15,832,166.4,1.664,100
COMP59,2021,2130,319.5,0.15,852,170.4,1.704,100
COMP59,2022,2180,327.0,0.15,872,174.4,1.744,100
COMP59,2023,2230,334.5,0.15,892,178.4,1.784,100
COMP60,2010,1590,238.5,0.15,636,127.2,1.272,100
COMP60,2011,1640,246.0,0.15,656,131.2,1.312,100
COMP60,2012,1690,253.5,0.15,676,135.2,1.352,100
COMP60,2013,1740,261.0,0.15,696,139.2,1.392,100
COMP60,2014,1790,268.5,0.15,716,143.2,1.432,100
COMP60,2015,1840,276.0,0.15,736,147.2,1.472,100
COMP60,2016,1890,283.5,0.15,756,151.2,1.512,100
COMP60,2017,1940,291.0,0.15,776,155.2,1.552,100
COMP60,2018,1990,298.5,0.15,796,159.2,1.592,100
COMP60,2019,2040,306.0,0.15,816,163.2,1.632,100
COMP60,2020,2090,313.5,0.15,836,167.2,1.672,100
COMP60,2021,2140,321.0,0.15,856,171.2,1.712,100
COMP60,2022,2190,328.5,0.15,876,175.2,1.752,100
COMP60,2023,2240,336.0,0.15,896,179.2,1.792,100
COMP61,2010,1600,240.0,0.15,640,128.0,1.28,100
COMP61,2011,1650,247.5,0.15,660,132.0,1.32,100
COMP61,2012,1700,255.0,0.15,680,136.0,1.36,100
COMP61,2013,1750,262.5,0.15,700,140.0,1.4,100
COMP61,2014,1800,270.0,0.15,720,144.0,1.44,100
COMP61,2015,1850,277.5,0.15,740,148.0,1.48,100
COMP61,2016,1900,285.0,0.15,760,152.0,1.52,100
COMP61,2017,1950,292.5,0.15,780,156.0,1.56,100
COMP61,2018,2000,300.0,0.15,800,160.0,1.6,100
COMP61,2019,2050,307.5,0.15,820,164.0,1.64,100
COMP61,2020,2100,315.0,0.15,840,168.0,1.68,100
COMP61,2021,2150,322.5,0.15,860,172.0,1.72,100
COMP61,2022,2200,330.0,0.15,880,176.0,1.76,100
COMP61,2023,2250,337.5,0.15,900,180.0,1.8,100
COMP62,2010,1610,241.5,0.15,644,128.8,1.288,100
COMP62,2011,1660,249.0,0.15,664,132.8,1.328,100
COMP62,2012,1710,256.5,0.15,684,136.8,1.368,100
COMP62,2013,1760,264.0,0.15,704,140.8,1.408,100
COMP62,2014,1810,271.5,0.15,724,144.8,1.448,100
COMP62,2015,1860,279.0,0.15,744,148.8,1.488,100
COMP62,2016,1910,286.5,0.15,764,152.8,1.528,100
COMP62,2017,1960,294.0,0.15,784,156.8,1.568,100
COMP62,2018,2010,301.5,0.15,804,160.8,1.608,100
COMP62,2019,2060,309.0,0.15,824,164.8,1.648,100
COMP62,2020,2110,316.5,0.15,844,168.8,1.688,100
COMP62,2021,2160,324.0,0.15,864,172.8,1.728,100
COMP62,2022,2210,331.5,0.15,884,176.8,1.768,100
COMP62,2023,2260,339.0,0.15,904,180.8,1.808,100
COMP63,2010,1620,243.0,0.15,648,129.6,1.296,100
COMP63,2011,1670,250.5,0.15,668,133.6,1.336,100
COMP63,2012,1720,258.0,0.15,688,137.6,1.376,100
COMP63,2013,1770,265.5,0.15,708,141.6,1.416,100
COMP63,2014,1820,273.0,0.15,728,145.6,1.456,100
COMP63,2015,1870,280.5,0.15,748,149.6,1.496,100
COMP63,2016,1920,288.0,0.15,768,153.6,1.536,100
COMP63,2017,1970,295.5,0.15,788,157.6,1.576,100
COMP63,2018,2020,303.0,0.15,808,161.6,1.616,100
COMP63,2019,2070,310.5,0.15,828,165.6,1.656,100
COMP63,2020,2120,318.0,0.15,848,169.6,1.696,100
COMP63,2021,2170,325.5,0.15,868,173.6,1.736,100
COMP63,2022,2220,333.0,0.15,888,177.6,1.776,100
COMP63,2023,2270,340.5,0.15,908,181.6,1.816,100
COMP64,2010,1630,244.5,0.15,652,130.4,1.304,100
COMP64,2011,1680,252.0,0.15,672,134.4,1.344,100
COMP64,2012,1730,259.5,0.15,692,138.4,1.384,100
COMP64,2013,1780,267.0,0.15,712,142.4,1.424,100
COMP64,2014,1830,274.5,0.15,732,146.4,1.464,100
COMP64,2015,1880,282.0,0.15,752,150.4,1.504,100
COMP64,2016,1930,289.5,0.15,772,154.4,1.544,100
COMP64,2017,1980,297.0,0.15,792,158.4,1.584,100
COMP64,2018,2030,304.5,0.15,812,162.4,1.624,100
COMP64,2019,2080,312.0,0.15,832,166.4,1.664,100
COMP64,2020,2130,319.5,0.15,852,170.4,1.704,100
COMP64,2021,2180,327.0,0.15,872,174.4,1.744,100
COMP64,2022,2230,334.5,0.15,892,178.4,1.784,100
COMP64,2023,2280,342.0,0.15,912,182.4,1.824,100
COMP65,2010,1640,246.0,0.15,656,131.2,1.312,100
COMP65,2011,1690,253.5,0.15,676,135.2,1.352,100
COMP65,2012,1740,261.0,0.15,696,139.2,1.392,100
COMP65,2013,1790,268.5,0.15,716,143.2,1.432,100
COMP65,2014,1840,276.0,0.15,736,147.2,1.472,100
COMP65,2015,1890,283.5,0.15,756,151.2,1.512,100
COMP65,2016,1940,291.0,0.15,776,155.2,1.552,100
COMP65,2017,1990,298.5,0.15,796,159.2,1.592,100
COMP65,2018,2040,306.0,0.15,816,163.2,1.632,100
COMP65,2019,2090,313.5,0.15,836,167.2,1.672,100
COMP65,2020,2140,321.0,0.15,856,171.2,1.712,100
COMP65,2021,2190,328.5,0.15,876,175.2,1.752,100
COMP65,2022,2240,336.0,0.15,896,179.2,1.792,100
COMP65,2023,2290,343.5,0.15,916,183.2,1.832,100
COMP66,2010,1650,247.5,0.15,660,132.0,1.32,100
COMP66,2011,1700,255.0,0.15,680,136.0,1.36,100
COMP66,2012,1750,262.5,0.15,700,140.0,1.4,100
COMP66,2013,1800,270.0,0.15,720,144.0,1.44,100
COMP66,2014,1850,277.5,0.15,740,148.0,1.48,100
COMP66,2015,1900,285.0,0.15,760,152.0,1.52,100
COMP66,2016,1950,292.5,0.15,780,156.0,1.56,100
COMP66,2017,2000,300.0,0.15,800,160.0,1.6,100
COMP66,2018,2050,307.5,0.15,820,164.0,1.64,100
COMP66,2019,2100,315.0,0.15,840,168.0,1.68,100
COMP66,2020,2150,322.5,0.15,860,172.0,1.72,100
COMP66,2021,2200,330.0,0.15,880,176.0,1.76,100
COMP66,2022,2250,337.5,0.15,900,180.0,1.8,100
COMP66,2023,2300,345.0,0.15,920,184.0,1.84,100
COMP67,2010,1660,249.0,0.15,664,132.8,1.328,100
COMP67,2011,1710,256.5,0.15,684,136.8,1.368,100
COMP67,2012,1760,264.0,0.15,704,140.8,1.408,100
COMP67,2013,1810,271.5,0.15,724,144.8,1.448,100
COMP67,2014,1860,279.0,0.15,744,148.8,1.488,100
COMP67,2015,1910,286.5,0.15,764,152.8,1.528,100
COMP67,2016,1960,294.0,0.15,784,156.8,1.568,100
COMP67,2017,2010,301.5,0.15,804,160.8,1.608,100
COMP67,2018,2060,309.0,0.15,824,164.8,1.648,100
COMP67,2019,2110,316.5,0.15,844,168.8,1.688,100
COMP67,2020,2160,324.0,0.15,864,172.8,1.728,100
COMP67,2021,2210,331.5,0.15,884,176.8,1.768,100
COMP67,2022,2260,339.0,0.15,904,180.8,1.808,100
COMP67,2023,2310,346.5,0.15,924,184.8,1.848,100
COMP68,2010,1670,250.5,0.15,668,133.6,1.336,100
COMP68,2011,1720,258.0,0.15,688,137.6,1.376,100
COMP68,2012,1770,265.5,0.15,708,141.6,1.416,100
COMP68,2013,1820,273.0,0.15,728,145.6,1.456,100
COMP68,2014,1870,280.5,0.15,748,149.6,1.496,100
COMP68,2015,1920,288.0,0.15,768,153.6,1.536,100
COMP68,2016,1970,295.5,0.15,788,157.6,1.576,100
COMP68,2017,2020,303.0,0.15,808,161.6,1.616,100
COMP68,2018,2070,310.5,0.15,828,165.6,1.656,100
COMP68,2019,2120,318.0,0.15,848,169.6,1.696,100
COMP68,2020,2170,325.5,0.15,868,173.6,1.736,100
COMP68,2021,2220,333.0,0.15,888,177.6,1.776,100
COMP68,2022,2270,340.5,0.15,908,181.6,1.816,100
COMP68,2023,2320,348.0,0.15,928,185.6,1.856,100
COMP69,2010,1680,252.0,0.15,672,134.4,1.344,100
COMP69,2011,1730,259.5,0.15,692,138.4,1.384,100
COMP69,2012,1780,267.0,0.15,712,142.4,1.424,100
COMP69,2013,1830,274.5,0.15,732,146.4,1.464,100
COMP69,2014,1880,282.0,0.15,752,150.4,1.504,100
COMP69,2015,1930,289.5,0.15,772,154.4,1.544,100
COMP69,2016,1980,297.0,0.15,792,158.4,1.584,100
COMP69,2017,2030,304.5,0.15,812,162.4,1.624,100
COMP69,2018,2080,312.0,0.15,832,166.4,1.664,100
COMP69,2019,2130,319.5,0.15,852,170.4,1.704,100
COMP69,2020,2180,327.0,0.15,872,174.4,1.744,100
COMP69,2021,2230,334.5,0.15,892,178.4,1.784,100
COMP69,2022,2280,342.0,0.15,912,182.4,1.824,100
COMP69,2023,2330,349.5,0.15,932,186.4,1.864,100
COMP70,2010,1690,253.5,0.15,676,135.2,1.352,100
COMP70,2011,1740,261.0,0.15,696,139.2,1.392,100
COMP70,2012,1790,268.5,0.15,716,143.2,1.432,100
COMP70,2013,1840,276.0,0.15,736,147.2,1.472,100
COMP70,2014,1890,283.5,0.15,756,151.2,1.512,100
COMP70,2015,1940,291.0,0.15,776,155.2,1.552,100
COMP70,2016,1990,298.5,0.15,796,159.2,1.592,100
COMP70,2017,2040,306.0,0.15,816,163.2,1.632,100
COMP70,2018,2090,313.5,0.15,836,167.2,1.672,100
COMP70,2019,2140,321.0,0.15,856,171.2,1.712,100
COMP70,2020,2190,328.5,0.15,876,175.2,1.752,100
COMP70,2021,2240,336.0,0.15,896,179.2,1.792,100
COMP70,2022,2290,343.5,0.15,916,183.2,1.832,100
COMP70,2023,2340,351.0,0.15,936,187.2,1.872,100
COMP71,2010,1700,255.0,0.15,680,136.0,1.36,100
COMP71,2011,1750,262.5,0.15,700,140.0,1.4,100
COMP71,2012,1800,270.0,0.15,720,144.0,1.44,100
COMP71,2013,1850,277.5,0.15,740,148.0,1.48,100
COMP71,2014,1900,285.0,0.15,760,152.0,1.52,100
COMP71,2015,1950,292.5,0.15,780,156.0,1.56,100
COMP71,2016,2000,300.0,0.15,800,160.0,1.6,100
COMP71,2017,2050,307.5,0.15,820,164.0,1.64,100
COMP71,2018,2100,315.0,0.15,840,168.0,1.68,100
COMP71,2019,2150,322.5,0.15,860,172.0,1.72,100
COMP71,2020,2200,330.0,0.15,880,176.0,1.76,100
COMP71,2021,2250,337.5,0.15,900,180.0,1.8,100
COMP71,2022,2300,345.0,0.15,920,184.0,1.84,100
COMP71,2023,2350,352.5,0.15,940,188.0,1.88,100
COMP72,2010,1710,256.5,0.15,684,136.8,1.368,100
COMP72,2011,1760,264.0,0.15,704,140.8,1.408,100
COMP72,2012,1810,271.5,0.15,724,144.8,1.448,100
COMP72,2013,1860,279.0,0.15,744,148.8,1.488,100
COMP72,2014,1910,286.5,0.15,764,152.8,1.528,100
COMP72,2015,1960,294.0,0.15,784,156.8,1.568,100
COMP72,2016,2010,301.5,0.15,804,160.8,1.608,100
COMP72,2017,2060,309.0,0.15,824,164.8,1.648,100
COMP72,2018,2110,316.5,0.15,844,168.8,1.688,100
COMP72,2019,2160,324.0,0.15,864,172.8,1.728,100
COMP72,2020,2210,331.5,0.15,884,176.8,1.768,100
COMP72,2021,2260,339.0,0.15,904,180.8,1.808,100
COMP72,2022,2310,346.5,0.15,924,184.8,1.848,100
COMP72,2023,2360,354.0,0.15,944,188.8,1.888,100
COMP73,2010,1720,258.0,0.15,688,137.6,1.376,100
COMP73,2011,1770,265.5,0.15,708,141.6,1.416,100
COMP73,2012,1820,273.0,0.15,728,145.6,1.456,100
COMP73,2013,1870,280.5,0.15,748,149.6,1.496,100
COMP73,2014,1920,288.0,0.15,768,153.6,1.536,100
COMP73,2015,1970,295.5,0.15,788,157.6,1.576,100
COMP73,2016,2020,303.0,0.15,808,161.6,1.616,100
COMP73,2017,2070,310.5,0.15,828,165.6,1.656,100
COMP73,2018,2120,318.0,0.15,848,169.6,1.696,100
COMP73,2019,2170,325.5,0.15,868,173.6,1.736,100
COMP73,2020,2220,333.0,0.15,888,177.6,1.776,100
COMP73,2021,2270,340.5,0.15,908,181.6,1.816,100
COMP73,2022,2320,348.0,0.15,928,185.6,1.856,100
COMP73,2023,2370,355.5,0.15,948,189.6,1.896,100
COMP74,2010,1730,259.5,0.15,692,138.4,1.384,100
COMP74,2011,1780,267.0,0.15,712,142.4,1.424,100
COMP74,2012,1830,274.5,0.15,732,146.4,1.464,100
COMP74,2013,1880,282.0,0.15,752,150.4,1.504,100
COMP74,2014,1930,289.5,0.15,772,154.4,1.544,100
COMP74,2015,1980,297.0,0.15,792,158.4,1.584,100
COMP74,2016,2030,304.5,0.15,812,162.4,1.624,100
COMP74,2017,2080,312.0,0.15,832,166.4,1.664,100
COMP74,2018,2130,319.5,0.15,852,170.4,1.704,100
COMP74,2019,2180,327.0,0.15,872,174.4,1.744,100
COMP74,2020,2230,334.5,0.15,892,178.4,1.784,100
COMP74,2021,2280,342.0,0.15,912,182.4,1.824,100
COMP74,2022,2330,349.5,0.15,932,186.4,1.864,100
COMP74,2023,2380,357.0,0.15,952,190.4,1.904,100
COMP75,2010,1740,261.0,0.15,696,139.2,1.392,100
COMP75,2011,1790,268.5,0.15,716,143.2,1.432,100
COMP75,2012,1840,276.0,0.15,736,147.2,1.472,100
COMP75,2013,1890,283.5,0.15,756,151.2,1.512,100
COMP75,2014,1940,291.0,0.15,776,155.2,1.552,100
COMP75,2015,1990,298.5,0.15,796,159.2,1.592,100
COMP75,2016,2040,306.0,0.15,816,163.2,1.632,100
COMP75,2017,2090,313.5,0.15,836,167.2,1.672,100
COMP75,2018,2140,321.0,0.15,856,171.2,1.712,100
COMP75,2019,2190,328.5,0.15,876,175.2,1.752,100
COMP75,2020,2240,336.0,0.15,896,179.2,1.792,100
COMP75,2021,2290,343.5,0.15,916,183.2,1.832,100
COMP75,2022,2340,351.0,0.15,936,187.2,1.872,100
COMP75,2023,2390,358.5,0.15,956,191.2,1.912,100
COMP76,2010,1750,262.5,0.15,700,140.0,1.4,100
COMP76,2011,1800,270.0,0.15,720,144.0,1.44,100
COMP76,2012,1850,277.5,0.15,740,148.0,1.48,100
COMP76,2013,1900,285.0,0.15,760,152.0,1.52,100
COMP76,2014,1950,292.5,0.15,780,156.0,1.56,100
COMP76,2015,2000,300.0,0.15,800,160.0,1.6,100
COMP76,2016,2050,307.5,0.15,820,164.0,1.64,100
COMP76,2017,2100,315.0,0.15,840,168.0,1.68,100
COMP76,2018,2150,322.5,0.15,860,172.0,1.72,100
COMP76,2019,2200,330.0,0.15,880,176.0,1.76,100
COMP76,2020,2250,337.5,0.15,900,180.0,1.8,100
COMP76,2021,2300,345.0,0.15,920,184.0,1.84,100
COMP76,2022,2350,352.5,0.15,940,188.0,1.88,100
COMP76,2023,2400,360.0,0.15,960,192.0,1.92,100
COMP77,2010,1760,264.0,0.15,704,140.8,1.408,100
COMP77,2011,1810,271.5,0.15,724,144.8,1.448,100
COMP77,2012,1860,279.0,0.15,744,148.8,1.488,100
COMP77,2013,1910,286.5,0.15,764,152.8,1.528,100
COMP77,2014,1960,294.0,0.15,784,156.8,1.568,100
COMP77,2015,2010,301.5,0.15,804,160.8,1.608,100
COMP77,2016,2060,309.0,0.15,824,164.8,1.648,100
COMP77,2017,2110,316.5,0.15,844,168.8,1.688,100
COMP77,2018,2160,324.0,0.15,864,172.8,1.728,100
COMP77,2019,2210,331.5,0.15,884,176.8,1.768,100
COMP77,2020,2260,339.0,0.15,904,180.8,1.808,100
COMP77,2021,2310,346.5,0.15,924,184.8,1.848,100
COMP77,2022,2360,354.0,0.15,944,188.8,1.888,100
COMP77,2023,2410,361.5,0.15,964,192.8,1.928,100
COMP78,2010,1770,265.5,0.15,708,141.6,1.416,100
COMP78,2011,1820,273.0,0.15,728,145.6,1.456,100
COMP78,2012,1870,280.5,0.15,748,149.6,1.496,100
COMP78,2013,1920,288.0,0.15,768,153.6,1.536,100
COMP78,2014,1970,295.5,0.15,788,157.6,1.576,100
COMP78,2015,2020,303.0,0.15,808,161.6,1.616,100
COMP78,2016,2070,310.5,0.15,828,165.6,1.656,100
COMP78,2017,2120,318.0,0.15,848,169.6,1.696,100
COMP78,2018,2170,325.5,0.15,868,173.6,1.736,100
COMP78,2019,2220,333.0,0.15,888,177.6,1.776,100
COMP78,2020,2270,340.5,0.15,908,181.6,1.816,100
COMP78,2021,2320,348.0,0.15,928,185.6,1.856,100
COMP78,2022,2370,355.5,0.15,948,189.6,1.896,100
COMP78,2023,2420,363.0,0.15,968,193.6,1.936,100
COMP79,2010,1780,267.0,0.15,712,142.4,1.424,100
COMP79,2011,1830,274.5,0.15,732,146.4,1.464,100
COMP79,2012,1880,282.0,0.15,752,150.4,1.504,100
COMP79,2013,1930,289.5,0.15,772,154.4,1.544,100
COMP79,2014,1980,297.0,0.15,792,158.4,1.584,100
COMP79,2015,2030,304.5,0.15,812,162.4,1.624,100
COMP79,2016,2080,312.0,0.15,832,166.4,1.664,100
COMP79,2017,2130,319.5,0.15,852,170.4,1.704,100
COMP79,2018,2180,327.0,0.15,872,174.4,1.744,100
COMP79,2019,2230,334.5,0.15,892,178.4,1.784,100
COMP79,2020,2280,342.0,0.15,912,182.4,1.824,100
COMP79,2021,2330,349.5,0.15,932,186.4,1.864,100
COMP79,2022,2380,357.0,0.15,952,190.4,1.904,100
COMP79,2023,2430,364.5,0.15,972,194.4,1.944,100
COMP80,2010,1790,268.5,0.15,716,143.2,1.432,100
COMP80,2011,1840,276.0,0.15,736,147.2,1.472,100
COMP80,2012,1890,283.5,0.15,756,151.2,1.512,100
COMP80,2013,1940,291.0,0.15,776,155.2,1.552,100
COMP80,2014,1990,298.5,0.15,796,159.2,1.592,100
COMP80,2015,2040,306.0,0.15,816,163.2,1.632,100
COMP80,2016,2090,313.5,0.15,836,167.2,1.672,100
COMP80,2017,2140,321.0,0.15,856,171.2,1.712,100
COMP80,2018,2190,328.5,0.15,876,175.2,1.752,100
COMP80,2019,2240,336.0,0.15,896,179.2,1.792,100
COMP80,2020,2290,343.5,0.15,916,183.2,1.832,100
COMP80,2021,2340,351.0,0.15,936,187.2,1.872,100
COMP80,2022,2390,358.5,0.15,956,191.2,1.912,100
COMP80,2023,2440,366.0,0.15,976,195.2,1.952,100
COMP81,2010,1800,270.0,0.15,720,144.0,1.44,100
COMP81,2011,1850,277.5,0.15,740,148.0,1.48,100
COMP81,2012,1900,285.0,0.15,760,152.0,1.52,100
COMP81,2013,1950,292.5,0.15,780,156.0,1.56,100
COMP81,2014,2000,300.0,0.15,800,160.0,1.6,100
COMP81,2015,2050,307.5,0.15,820,164.0,1.64,100
COMP81,2016,2100,315.0,0.15,840,168.0,1.68,100
COMP81,2017,2150,322.5,0.15,860,172.0,1.72,100
COMP81,2018,2200,330.0,0.15,880,176.0,1.76,100
COMP81,2019,2250,337.5,0.15,900,180.0,1.8,100
COMP81,2020,2300,345.0,0.15,920,184.0,1.84,100
COMP81,2021,2350,352.5,0.15,940,188.0,1.88,100
COMP81,2022,2400,360.0,0.15,960,192.0,1.92,100
COMP82,2010,1810,271.5,0.15,724,144.8,1.448,100
COMP82,2011,1860,279.0,0.15,744,148.8,1.488,100
COMP82,2012,1910,286.5,0.15,764,152.8,1.528,100
COMP82,2013,1960,294.0,0.15,784,156.8,1.568,100
COMP82,2014,2010,301.5,0.15,804,160.8,1.608,100
COMP82,2015,2060,309.0,0.15,824,164.8,1.648,100
COMP82,2016,2110,316.5,0.15,844,168.8,1.688,100
COMP82,2017,2160,324.0,0.15,864,172.8,1.728,100
COMP82,2018,2210,331.5,0.15,884,176.8,1.768,100
COMP82,2019,2260,339.0,0.15,904,180.8,1.808,100
COMP82,2020,2310,346.5,0.15,924,184.8,1.848,100
COMP82,2021,2360,354.0,0.15,944,188.8,1.888,100
COMP82,2022,2410,361.5,0.15,964,192.8,1.928,100
COMP83,2010,1820,273.0,0.15,728,145.6,1.456,100
COMP83,2011,1870,280.5,0.15,748,149.6,1.496,100
COMP83,2012,1920,288.0,0.15,768,153.6,1.536,100
COMP83,2013,1970,295.5,0.15,788,157.6,1.576,100
COMP83,2014,2020,303.0,0.15,808,161.6,1.616,100
COMP83,2015,2070,310.5,0.15,828,165.6,1.656,100
COMP83,2016,2120,318.0,0.15,848,169.6,1.696,100
COMP83,2017,2170,325.5,0.15,868,173.6,1.736,100
COMP83,2018,2220,333.0,0.15,888,177.6,1.776,100
COMP83,2019,2270,340.5,0.15,908,181.6,1.816,100
COMP83,2020,2320,348.0,0.15,928,185.6,1.856,100
COMP83,2021,2370,355.5,0.15,948,189.6,1.896,100
COMP83,2022,2420,363.0,0.15,968,193.6,1.936,100
COMP84,2010,1830,274.5,0.15,732,146.4,1.464,100
COMP84,2011,1880,282.0,0.15,752,150.4,1.504,100
COMP84,2012,1930,289.5,0.15,772,154.4,1.544,100
COMP84,2013,1980,297.0,0.15,792,158.4,1.584,100
COMP84,2014,2030,304.5,0.15,812,162.4,1.624,100
COMP84,2015,2080,312.0,0.15,832,166.4,1.664,100
COMP84,2016,2130,319.5,0.15,852,170.4,1.704,100
COMP84,2017,2180,327.0,0.15,872,174.4,1.744,100
COMP84,2018,2230,334.5,0.15,892,178.4,1.784,100
COMP84,2019,2280,342.0,0.15,912,182.4,1.824,100
COMP84,2020,2330,349.5,0.15,932,186.4,1.864,100
COMP84,2021,2380,357.0,0.15,952,190.4,1.904,100
COMP84,2022,2430,364.5,0.15,972,194.4,1.944,100
COMP85,2010,1840,276.0,0.15,736,147.2,1.472,100
COMP85,2011,1890,283.5,0.15,756,151.2,1.512,100
COMP85,2012,1940,291.0,0.15,776,155.2,1.552,100
COMP85,2013,1990,298.5,0.15,796,159.2,1.592,100
COMP85,2014,2040,306.0,0.15,816,163.2,1.632,100
COMP85,2015,2090,313.5,0.15,836,167.2,1.672,100
COMP85,2016,2140,321.0,0.15,856,171.2,1.712,100
COMP85,2017,2190,328.5,0.15,876,175.2,1.752,100
COMP85,2018,2240,336.0,0.15,896,179.2,1.792,100
COMP85,2019,2290,343.5,0.15,916,183.2,1.832,100
COMP85,2020,2340,351.0,0.15,936,187.2,1.872,100
COMP85,2021,2390,358.5,0.15,956,191.2,1.912,100
COMP85,2022,2440,366.0,0.15,976,195.2,1.952,100
COMP86,2010,1850,277.5,0.15,740,148.0,1.48,100
COMP86,2011,1900,285.0,0.15,760,152.0,1.52,100
COMP86,2012,1950,292.5,0.15,780,156.0,1.56,100
COMP86,2013,2000,300.0,0.15,800,160.0,1.6,100
COMP86,2014,2050,307.5,0.15,820,164.0,1.64,100
COMP86,2015,2100,315.0,0.15,840,168.0,1.68,100
COMP86,2016,2150,322.5,0.15,860,172.0,1.72,100
COMP86,2017,2200,330.0,0.15,880,176.0,1.76,100
COMP86,2018,2250,337.5,0.15,900,180.0,1.8,100
COMP86,2019,2300,345.0,0.15,920,184.0,1.84,100
COMP86,2020,2350,352.5,0.15,940,188.0,1.88,100
COMP86,2021,2400,360.0,0.15,960,192.0,1.92,100
COMP86,2022,2450,367.5,0.15,980,196.0,1.96,100
COMP87,2010,1860,279.0,0.15,744,148.8,1.488,100
COMP87,2011,1910,286.5,0.15,764,152.8,1.528,100
COMP87,2012,1960,294.0,0.15,784,156.8,1.568,100
COMP87,2013,2010,301.5,0.15,804,160.8,1.608,100
COMP87,2014,2060,309.0,0.15,824,164.8,1.648,100
COMP87,2015,2110,316.5,0.15,844,168.8,1.688,100
COMP87,2016,2160,324.0,0.15,864,172.8,1.728,100
COMP87,2017,2210,331.5,0.15,884,176.8,1.768,100
COMP87,2018,2260,339.0,0.15,904,180.8,1.808,100
COMP87,2019,2310,346.5,0.15,924,184.8,1.848,100
COMP87,2020,2360,354.0,0.15,944,188.8,1.888,100
COMP87,2021,2410,361.5,0.15,964,192.8,1.928,100
COMP87,2022,2460,369.0,0.15,984,196.8,1.968,100
COMP88,2010,1870,280.5,0.15,748,149.6,1.496,100
COMP88,2011,1920,288.0,0.15,768,153.6,1.536,100
COMP88,2012,1970,295.5,0.15,788,157.6,1.576,100
COMP88,2013,2020,303.0,0.15,808,161.6,1.616,100
COMP88,2014,2070,310.5,0.15,828,165.6,1.656,100
COMP88,2015,2120,318.0,0.15,848,169.6,1.696,100
COMP88,2016,2170,325.5,0.15,868,173.6,1.736,100
COMP88,2017,2220,333.0,0.15,888,177.6,1.776,100
COMP88,2018,2270,340.5,0.15,908,181.6,1.816,100
COMP88,2019,2320,348.0,0.15,928,185.6,1.856,100
COMP88,2020,2370,355.5,0.15,948,189.6,1.896,100
COMP88,2021,2420,363.0,0.15,968,193.6,1.936,100
COMP88,2022,2470,370.5,0.15,988,197.6,1.976,100
COMP89,2010,1880,282.0,0.15,752,150.4,1.504,100
COMP89,2011,1930,289.5,0.15,772,154.4,1.544,100
COMP89,2012,1980,297.0,0.15,792,158.4,1.584,100
COMP89,2013,2030,304.5,0.15,812,162.4,1.624,100
COMP89,2014,2080,312.0,0.15,832,166.4,1.664,100
COMP89,2015,2130,319.5,0.15,852,170.4,1.704,100
COMP89,2016,2180,327.0,0.15,872,174.4,1.744,100
COMP89,2017,2230,334.5,0.15,892,178.4,1.784,100
COMP89,2018,2280,342.0,0.15,912,182.4,1.824,100
COMP89,2019,2330,349.5,0.15,932,186.4,1.864,100
COMP89,2020,2380,357.0,0.15,952,190.4,1.904,100
COMP89,2021,2430,364.5,0.15,972,194.4,1.944,100
COMP89,2022,2480,372.0,0.15,992,198.4,1.984,100
COMP90,2010,1890,283.5,0.15,756,151.2,1.512,100
COMP90,2011,1940,291.0,0.15,776,155.2,1.552,100
COMP90,2012,1990,298.5,0.15,796,159.2,1.592,100
COMP90,2013,2040,306.0,0.15,816,163.2,1.632,100
COMP90,2014,2090,313.5,0.15,836,167.2,1.672,100
COMP90,2015,2140,321.0,0.15,856,171.2,1.712,100
COMP90,2016,2190,328.5,0.15,876,175.2,1.752,100
COMP90,2017,2240,336.0,0.15,896,179.2,1.792,100
COMP90,2018,2290,343.5,0.15,916,183.2,1.832,100
COMP90,2019,2340,351.0,0.15,936,187.2,1.872,100
COMP90,2020,2390,358.5,0.15,956,191.2,1.912,100
COMP90,2021,2440,366.0,0.15,976,195.2,1.952,100
COMP90,2022,2490,373.5,0.15,996,199.2,1.992,100
COMP91,2010,1900,285.0,0.15,760,152.0,1.52,100
COMP91,2011,1950,292.5,0.15,780,156.0,1.56,100
COMP91,2012,2000,300.0,0.15,800,160.0,1.6,100
COMP91,2013,2050,307.5,0.15,820,164.0,1.64,100
COMP91,2014,2100,315.0,0.15,840,168.0,1.68,100
COMP91,2015,2150,322.5,0.15,860,172.0,1.72,100
COMP91,2016,2200,330.0,0.15,880,176.0,1.76,100
COMP91,2017,2250,337.5,0.15,900,180.0,1.8,100
COMP91,2018,2300,345.0,0.15,920,184.0,1.84,100
COMP91,2019,2350,352.5,0.15,940,188.0,1.88,100
COMP91,2020,2400,360.0,0.15,960,192.0,1.92,100
COMP91,2021,2450,367.5,0.15,980,196.0,1.96,100
COMP91,2022,2500,375.0,0.15,1000,200.0,2.0,100
COMP92,2010,1910,286.5,0.15,764,152.8,1.528,100
COMP92,2011,1960,294.0,0.15,784,156.8,1.568,100
COMP92,2012,2010,301.5,0.15,804,160.8,1.608,100
COMP92,2013,2060,309.0,0.15,824,164.8,1.648,100
COMP92,2014,2110,316.5,0.15,844,168.8,1.688,100
COMP92,2015,2160,324.0,0.15,864,172.8,1.728,100
COMP92,2016,2210,331.5,0.15,884,176.8,1.768,100
COMP92,2017,2260,339.0,0.15,904,180.8,1.808,100
COMP92,2018,2310,346.5,0.15,924,184.8,1.848,100
COMP92,2019,2360,354.0,0.15,944,188.8,1.888,100
COMP92,2020,2410,361.5,0.15,964,192.8,1.928,100
COMP92,2021,2460,369.0,0.15,984,196.8,1.968,100
COMP92,2022,2510,376.5,0.15,1004,200.8,2.008,100
