ticker,year,pe_ratio,pb_ratio,roe,debt_to_equity
COMP01,2015,10.0,1.0,12.5,1.0
COMP01,2016,10.0,1.05,12.5,0.95
COMP01,2017,10.0,1.1,12.5,0.9
COMP01,2018,10.0,1.15,12.5,0.85
COMP01,2019,10.0,1.2,12.5,0.8
COMP01,2020,10.0,1.25,12.5,0.75
COMP01,2021,10.0,1.3,12.5,0.7
COMP01,2022,10.0,1.35,12.5,0.6499999999999999
COMP01,2023,10.0,1.4,12.5,0.6
COMP01,2024,10.0,1.45,12.5,0.55
COMP01,2025,10.0,1.5,12.5,0.5
COMP02,2015,10.35,1.5,12.55,0.5
COMP02,2016,10.35,1.55,12.55,0.52
COMP02,2017,10.35,1.6,12.55,0.54
COMP02,2018,10.35,1.65,12.55,0.56
COMP02,2019,10.35,1.7,12.55,0.58
COMP02,2020,10.35,1.75,12.55,0.6
COMP02,2021,10.35,1.8,12.55,0.62
COMP02,2022,10.35,1.85,12.55,0.64
COMP02,2023,10.35,1.9,12.55,0.66
COMP02,2024,10.35,1.95,12.55,0.6799999999999999
COMP02,2025,10.35,2.0,12.55,0.7
COMP03,2015,10.7,2.0,12.6,1.4
COMP03,2016,10.7,2.05,12.6,1.35
COMP03,2017,10.7,2.1,12.6,1.3
COMP03,2018,10.7,2.15,12.6,1.25
COMP03,2019,10.7,2.2,12.6,1.2
COMP03,2020,10.7,2.25,12.6,1.15
COMP03,2021,10.7,2.3,12.6,1.1
COMP03,2022,10.7,2.35,12.6,1.05
COMP03,2023,10.7,2.4,12.6,1.0
COMP03,2024,10.7,2.45,12.6,0.9500000000000001
COMP03,2025,10.7,2.5,12.6,0.9
COMP04,2015,11.05,2.5,12.65,0.5
COMP04,2016,11.05,2.55,12.65,0.52
COMP04,2017,11.05,2.6,12.65,0.54
COMP04,2018,11.05,2.65,12.65,0.56
COMP04,2019,11.05,2.7,12.65,0.58
COMP04,2020,11.05,2.75,12.65,0.6
COMP04,2021,11.05,2.8,12.65,0.62
COMP04,2022,11.05,2.85,12.65,0.64
COMP04,2023,11.05,2.9,12.65,0.66
COMP04,2024,11.05,2.95,12.65,0.6799999999999999
COMP04,2025,11.05,3.0,12.65,0.7
COMP05,2015,11.4,3.0,12.7,1.2
COMP05,2016,11.4,3.05,12.7,1.15
COMP05,2017,11.4,3.1,12.7,1.1
COMP05,2018,11.4,3.15,12.7,1.05
COMP05,2019,11.4,3.2,12.7,1.0
COMP05,2020,11.4,3.25,12.7,0.95
COMP05,2021,11.4,3.3,12.7,0.8999999999999999
COMP05,2022,11.4,3.35,12.7,0.8499999999999999
COMP05,2023,11.4,3.4,12.7,0.8
COMP05,2024,11.4,3.45,12.7,0.75
COMP05,2025,11.4,3.5,12.7,0.7
COMP06,2015,11.75,1.0,12.75,0.5
COMP06,2016,11.75,1.05,12.75,0.52
COMP06,2017,11.75,1.1,12.75,0.54
COMP06,2018,11.75,1.15,12.75,0.56
COMP06,2019,11.75,1.2,12.75,0.58
COMP06,2020,11.75,1.25,12.75,0.6
COMP06,2021,11.75,1.3,12.75,0.62
COMP06,2022,11.75,1.35,12.75,0.64
COMP06,2023,11.75,1.4,12.75,0.66
COMP06,2024,11.75,1.45,12.75,0.6799999999999999
COMP06,2025,11.75,1.5,12.75,0.7
COMP07,2015,12.1,1.5,12.8,1.0
COMP07,2016,12.1,1.55,12.8,0.95
COMP07,2017,12.1,1.6,12.8,0.9
COMP07,2018,12.1,1.65,12.8,0.85
COMP07,2019,12.1,1.7,12.8,0.8
COMP07,2020,12.1,1.75,12.8,0.75
COMP07,2021,12.1,1.8,12.8,0.7
COMP07,2022,12.1,1.85,12.8,0.6499999999999999
COMP07,2023,12.1,1.9,12.8,0.6
COMP07,2024,12.1,1.95,12.8,0.55
COMP07,2025,12.1,2.0,12.8,0.5
COMP08,2015,12.45,2.0,12.85,0.5
COMP08,2016,12.45,2.05,12.85,0.52
COMP08,2017,12.45,2.1,12.85,0.54
COMP08,2018,12.45,2.15,12.85,0.56
COMP08,2019,12.45,2.2,12.85,0.58
COMP08,2020,12.45,2.25,12.85,0.6
COMP08,2021,12.45,2.3,12.85,0.62
COMP08,2022,12.45,2.35,12.85,0.64
COMP08,2023,12.45,2.4,12.85,0.66
COMP08,2024,12.45,2.45,12.85,0.6799999999999999
COMP08,2025,12.45,2.5,12.85,0.7
COMP09,2015,12.8,2.5,12.9,1.4
COMP09,2016,12.8,2.55,12.9,1.35
COMP09,2017,12.8,2.6,12.9,1.3
COMP09,2018,12.8,2.65,12.9,1.25
COMP09,2019,12.8,2.7,12.9,1.2
COMP09,2020,12.8,2.75,12.9,1.15
COMP09,2021,12.8,2.8,12.9,1.1
COMP09,2022,12.8,2.85,12.9,1.05
COMP09,2023,12.8,2.9,12.9,1.0
COMP09,2024,12.8,2.95,12.9,0.9500000000000001
COMP09,2025,12.8,3.0,12.9,0.9
COMP10,2015,13.15,3.0,12.95,0.5
COMP10,2016,13.15,3.05,12.95,0.52
COMP10,2017,13.15,3.1,12.95,0.54
COMP10,2018,13.15,3.15,12.95,0.56
COMP10,2019,13.15,3.2,12.95,0.58
COMP10,2020,13.15,3.25,12.95,0.6
COMP10,2021,13.15,3.3,12.95,0.62
COMP10,2022,13.15,3.35,12.95,0.64
COMP10,2023,13.15,3.4,12.95,0.66
COMP10,2024,13.15,3.45,12.95,0.6799999999999999
COMP10,2025,13.15,3.5,12.95,0.7
COMP11,2015,13.5,1.0,13.0,1.2
COMP11,2016,13.5,1.05,13.0,1.15
COMP11,2017,13.5,1.1,13.0,1.1
COMP11,2018,13.5,1.15,13.0,1.05
COMP11,2019,13.5,1.2,13.0,1.0
COMP11,2020,13.5,1.25,13.0,0.95
COMP11,2021,13.5,1.3,13.0,0.8999999999999999
COMP11,2022,13.5,1.35,13.0,0.8499999999999999
COMP11,2023,13.5,1.4,13.0,0.8
COMP11,2024,13.5,1.45,13.0,0.75
COMP11,2025,13.5,1.5,13.0,0.7
COMP12,2015,13.85,1.5,13.05,0.5
COMP12,2016,13.85,1.55,13.05,0.52
COMP12,2017,13.85,1.6,13.05,0.54
COMP12,2018,13.85,1.65,13.05,0.56
COMP12,2019,13.85,1.7,13.05,0.58
COMP12,2020,13.85,1.75,13.05,0.6
COMP12,2021,13.85,1.8,13.05,0.62
COMP12,2022,13.85,1.85,13.05,0.64
COMP12,2023,13.85,1.9,13.05,0.66
COMP12,2024,13.85,1.95,13.05,0.6799999999999999
COMP12,2025,13.85,2.0,13.05,0.7
COMP13,2015,14.2,2.0,13.1,1.0
COMP13,2016,14.2,2.05,13.1,0.95
COMP13,2017,14.2,2.1,13.1,0.9
COMP13,2018,14.2,2.15,13.1,0.85
COMP13,2019,14.2,2.2,13.1,0.8
COMP13,2020,14.2,2.25,13.1,0.75
COMP13,2021,14.2,2.3,13.1,0.7
COMP13,2022,14.2,2.35,13.1,0.6499999999999999
COMP13,2023,14.2,2.4,13.1,0.6
COMP13,2024,14.2,2.45,13.1,0.55
COMP13,2025,14.2,2.5,13.1,0.5
COMP14,2015,14.55,2.5,13.15,0.5
COMP14,2016,14.55,2.55,13.15,0.52
COMP14,2017,14.55,2.6,13.15,0.54
COMP14,2018,14.55,2.65,13.15,0.56
COMP14,2019,14.55,2.7,13.15,0.58
COMP14,2020,14.55,2.75,13.15,0.6
COMP14,2021,14.55,2.8,13.15,0.62
COMP14,2022,14.55,2.85,13.15,0.64
COMP14,2023,14.55,2.9,13.15,0.66
COMP14,2024,14.55,2.95,13.15,0.6799999999999999
COMP14,2025,14.55,3.0,13.15,0.7
COMP15,2015,14.9,3.0,13.2,1.4
COMP15,2016,14.9,3.05,13.2,1.35
COMP15,2017,14.9,3.1,13.2,1.3
COMP15,2018,14.9,3.15,13.2,1.25
COMP15,2019,14.9,3.2,13.2,1.2
COMP15,2020,14.9,3.25,13.2,1.15
COMP15,2021,14.9,3.3,13.2,1.1
COMP15,2022,14.9,3.35,13.2,1.05
COMP15,2023,14.9,3.4,13.2,1.0
COMP15,2024,14.9,3.45,13.2,0.9500000000000001
COMP15,2025,14.9,3.5,13.2,0.9
COMP16,2015,15.25,1.0,13.25,0.5
COMP16,2016,15.25,1.05,13.25,0.52
COMP16,2017,15.25,1.1,13.25,0.54
COMP16,2018,15.25,1.15,13.25,0.56
COMP16,2019,15.25,1.2,13.25,0.58
COMP16,2020,15.25,1.25,13.25,0.6
COMP16,2021,15.25,1.3,13.25,0.62
COMP16,2022,15.25,1.35,13.25,0.64
COMP16,2023,15.25,1.4,13.25,0.66
COMP16,2024,15.25,1.45,13.25,0.6799999999999999
COMP16,2025,15.25,1.5,13.25,0.7
COMP17,2015,15.6,1.5,13.3,1.2
COMP17,2016,15.6,1.55,13.3,1.15
COMP17,2017,15.6,1.6,13.3,1.1
COMP17,2018,15.6,1.65,13.3,1.05
COMP17,2019,15.6,1.7,13.3,1.0
COMP17,2020,15.6,1.75,13.3,0.95
COMP17,2021,15.6,1.8,13.3,0.8999999999999999
COMP17,2022,15.6,1.85,13.3,0.8499999999999999
COMP17,2023,15.6,1.9,13.3,0.8
COMP17,2024,15.6,1.95,13.3,0.75
COMP17,2025,15.6,2.0,13.3,0.7
COMP18,2015,15.95,2.0,13.35,0.5
COMP18,2016,15.95,2.05,13.35,0.52
COMP18,2017,15.95,2.1,13.35,0.54
COMP18,2018,15.95,2.15,13.35,0.56
COMP18,2019,15.95,2.2,13.35,0.58
COMP18,2020,15.95,2.25,13.35,0.6
COMP18,2021,15.95,2.3,13.35,0.62
COMP18,2022,15.95,2.35,13.35,0.64
COMP18,2023,15.95,2.4,13.35,0.66
COMP18,2024,15.95,2.45,13.35,0.6799999999999999
COMP18,2025,15.95,2.5,13.35,0.7
COMP19,2015,16.3,2.5,13.4,1.0
COMP19,2016,16.3,2.55,13.4,0.95
COMP19,2017,16.3,2.6,13.4,0.9
COMP19,2018,16.3,2.65,13.4,0.85
COMP19,2019,16.3,2.7,13.4,0.8
COMP19,2020,16.3,2.75,13.4,0.75
COMP19,2021,16.3,2.8,13.4,0.7
COMP19,2022,16.3,2.85,13.4,0.6499999999999999
COMP19,2023,16.3,2.9,13.4,0.6
COMP19,2024,16.3,2.95,13.4,0.55
COMP19,2025,16.3,3.0,13.4,0.5
COMP20,2015,16.65,3.0,13.45,0.5
COMP20,2016,16.65,3.05,13.45,0.52
COMP20,2017,16.65,3.1,13.45,0.54
COMP20,2018,16.65,3.15,13.45,0.56
COMP20,2019,16.65,3.2,13.45,0.58
COMP20,2020,16.65,3.25,13.45,0.6
COMP20,2021,16.65,3.3,13.45,0.62
COMP20,2022,16.65,3.35,13.45,0.64
COMP20,2023,16.65,3.4,13.45,0.66
COMP20,2024,16.65,3.45,13.45,0.6799999999999999
COMP20,2025,16.65,3.5,13.45,0.7
COMP21,2015,17.0,1.0,13.5,1.4
COMP21,2016,17.0,1.05,13.5,1.35
COMP21,2017,17.0,1.1,13.5,1.3
COMP21,2018,17.0,1.15,13.5,1.25
COMP21,2019,17.0,1.2,13.5,1.2
COMP21,2020,17.0,1.25,13.5,1.15
COMP21,2021,17.0,1.3,13.5,1.1
COMP21,2022,17.0,1.35,13.5,1.05
COMP21,2023,17.0,1.4,13.5,1.0
COMP21,2024,17.0,1.45,13.5,0.9500000000000001
COMP21,2025,17.0,1.5,13.5,0.9
COMP22,2015,17.35,1.5,13.55,0.5
COMP22,2016,17.35,1.55,13.55,0.52
COMP22,2017,17.35,1.6,13.55,0.54
COMP22,2018,17.35,1.65,13.55,0.56
COMP22,2019,17.35,1.7,13.55,0.58
COMP22,2020,17.35,1.75,13.55,0.6
COMP22,2021,17.35,1.8,13.55,0.62
COMP22,2022,17.35,1.85,13.55,0.64
COMP22,2023,17.35,1.9,13.55,0.66
COMP22,2024,17.35,1.95,13.55,0.6799999999999999
COMP22,2025,17.35,2.0,13.55,0.7
COMP23,2015,17.7,2.0,13.6,1.2
COMP23,2016,17.7,2.05,13.6,1.15
COMP23,2017,17.7,2.1,13.6,1.1
COMP23,2018,17.7,2.15,13.6,1.05
COMP23,2019,17.7,2.2,13.6,1.0
COMP23,2020,17.7,2.25,13.6,0.95
COMP23,2021,17.7,2.3,13.6,0.8999999999999999
COMP23,2022,17.7,2.35,13.6,0.8499999999999999
COMP23,2023,17.7,2.4,13.6,0.8
COMP23,2024,17.7,2.45,13.6,0.75
COMP23,2025,17.7,2.5,13.6,0.7
COMP24,2015,18.05,2.5,13.65,0.5
COMP24,2016,18.05,2.55,13.65,0.52
COMP24,2017,18.05,2.6,13.65,0.54
COMP24,2018,18.05,2.65,13.65,0.56
COMP24,2019,18.05,2.7,13.65,0.58
COMP24,2020,18.05,2.75,13.65,0.6
COMP24,2021,18.05,2.8,13.65,0.62
COMP24,2022,18.05,2.85,13.65,0.64
COMP24,2023,18.05,2.9,13.65,0.66
COMP24,2024,18.05,2.95,13.65,0.6799999999999999
COMP24,2025,18.05,3.0,13.65,0.7
COMP25,2015,18.4,3.0,13.7,1.0
COMP25,2016,18.4,3.05,13.7,0.95
COMP25,2017,18.4,3.1,13.7,0.9
COMP25,2018,18.4,3.15,13.7,0.85
COMP25,2019,18.4,3.2,13.7,0.8
COMP25,2020,18.4,3.25,13.7,0.75
COMP25,2021,18.4,3.3,13.7,0.7
COMP25,2022,18.4,3.35,13.7,0.6499999999999999
COMP25,2023,18.4,3.4,13.7,0.6
COMP25,2024,18.4,3.45,13.7,0.55
COMP25,2025,18.4,3.5,13.7,0.5
COMP26,2015,18.75,1.0,13.75,0.5
COMP26,2016,18.75,1.05,13.75,0.52
COMP26,2017,18.75,1.1,13.75,0.54
COMP26,2018,18.75,1.15,13.75,0.56
COMP26,2019,18.75,1.2,13.75,0.58
COMP26,2020,18.75,1.25,13.75,0.6
COMP26,2021,18.75,1.3,13.75,0.62
COMP26,2022,18.75,1.35,13.75,0.64
COMP26,2023,18.75,1.4,13.75,0.66
COMP26,2024,18.75,1.45,13.75,0.6799999999999999
COMP26,2025,18.75,1.5,13.75,0.7
COMP27,2015,19.1,1.5,13.8,1.4
COMP27,2016,19.1,1.55,13.8,1.35
COMP27,2017,19.1,1.6,13.8,1.3
COMP27,2018,19.1,1.65,13.8,1.25
COMP27,2019,19.1,1.7,13.8,1.2
COMP27,2020,19.1,1.75,13.8,1.15
COMP27,2021,19.1,1.8,13.8,1.1
COMP27,2022,19.1,1.85,13.8,1.05
COMP27,2023,19.1,1.9,13.8,1.0
COMP27,2024,19.1,1.95,13.8,0.9500000000000001
COMP27,2025,19.1,2.0,13.8,0.9
COMP28,2015,19.45,2.0,13.85,0.5
COMP28,2016,19.45,2.05,13.85,0.52
COMP28,2017,19.45,2.1,13.85,0.54
COMP28,2018,19.45,2.15,13.85,0.56
COMP28,2019,19.45,2.2,13.85,0.58
COMP28,2020,19.45,2.25,13.85,0.6
COMP28,2021,19.45,2.3,13.85,0.62
COMP28,2022,19.45,2.35,13.85,0.64
COMP28,2023,19.45,2.4,13.85,0.66
COMP28,2024,19.45,2.45,13.85,0.6799999999999999
COMP28,2025,19.45,2.5,13.85,0.7
COMP29,2015,19.8,2.5,13.9,1.2
COMP29,2016,19.8,2.55,13.9,1.15
COMP29,2017,19.8,2.6,13.9,1.1
COMP29,2018,19.8,2.65,13.9,1.05
COMP29,2019,19.8,2.7,13.9,1.0
COMP29,2020,19.8,2.75,13.9,0.95
COMP29,2021,19.8,2.8,13.9,0.8999999999999999
COMP29,2022,19.8,2.85,13.9,0.8499999999999999
COMP29,2023,19.8,2.9,13.9,0.8
COMP29,2024,19.8,2.95,13.9,0.75
COMP29,2025,19.8,3.0,13.9,0.7
COMP30,2015,20.15,3.0,13.95,0.5
COMP30,2016,20.15,3.05,13.95,0.52
COMP30,2017,20.15,3.1,13.95,0.54
COMP30,2018,20.15,3.15,13.95,0.56
COMP30,2019,20.15,3.2,13.95,0.58
COMP30,2020,20.15,3.25,13.95,0.6
COMP30,2021,20.15,3.3,13.95,0.62
COMP30,2022,20.15,3.35,13.95,0.64
COMP30,2023,20.15,3.4,13.95,0.66
COMP30,2024,20.15,3.45,13.95,0.6799999999999999
COMP30,2025,20.15,3.5,13.95,0.7
COMP31,2015,20.5,1.0,14.0,1.0
COMP31,2016,20.5,1.05,14.0,0.95
COMP31,2017,20.5,1.1,14.0,0.9
COMP31,2018,20.5,1.15,14.0,0.85
COMP31,2019,20.5,1.2,14.0,0.8
COMP31,2020,20.5,1.25,14.0,0.75
COMP31,2021,20.5,1.3,14.0,0.7
COMP31,2022,20.5,1.35,14.0,0.6499999999999999
COMP31,2023,20.5,1.4,14.0,0.6
COMP31,2024,20.5,1.45,14.0,0.55
COMP31,2025,20.5,1.5,14.0,0.5
COMP32,2015,20.85,1.5,14.05,0.5
COMP32,2016,20.85,1.55,14.05,0.52
COMP32,2017,20.85,1.6,14.05,0.54
COMP32,2018,20.85,1.65,14.05,0.56
COMP32,2019,20.85,1.7,14.05,0.58
COMP32,2020,20.85,1.75,14.05,0.6
COMP32,2021,20.85,1.8,14.05,0.62
COMP32,2022,20.85,1.85,14.05,0.64
COMP32,2023,20.85,1.9,14.05,0.66
COMP32,2024,20.85,1.95,14.05,0.6799999999999999
COMP32,2025,20.85,2.0,14.05,0.7
COMP33,2015,21.2,2.0,14.1,1.4
COMP33,2016,21.2,2.05,14.1,1.35
COMP33,2017,21.2,2.1,14.1,1.3
COMP33,2018,21.2,2.15,14.1,1.25
COMP33,2019,21.2,2.2,14.1,1.2
COMP33,2020,21.2,2.25,14.1,1.15
COMP33,2021,21.2,2.3,14.1,1.1
COMP33,2022,21.2,2.35,14.1,1.05
COMP33,2023,21.2,2.4,14.1,1.0
COMP33,2024,21.2,2.45,14.1,0.9500000000000001
COMP33,2025,21.2,2.5,14.1,0.9
COMP34,2015,21.55,2.5,14.15,0.5
COMP34,2016,21.55,2.55,14.15,0.52
COMP34,2017,21.55,2.6,14.15,0.54
COMP34,2018,21.55,2.65,14.15,0.56
COMP34,2019,21.55,2.7,14.15,0.58
COMP34,2020,21.55,2.75,14.15,0.6
COMP34,2021,21.55,2.8,14.15,0.62
COMP34,2022,21.55,2.85,14.15,0.64
COMP34,2023,21.55,2.9,14.15,0.66
COMP34,2024,21.55,2.95,14.15,0.6799999999999999
COMP34,2025,21.55,3.0,14.15,0.7
COMP35,2015,21.9,3.0,14.2,1.2
COMP35,2016,21.9,3.05,14.2,1.15
COMP35,2017,21.9,3.1,14.2,1.1
COMP35,2018,21.9,3.15,14.2,1.05
COMP35,2019,21.9,3.2,14.2,1.0
COMP35,2020,21.9,3.25,14.2,0.95
COMP35,2021,21.9,3.3,14.2,0.8999999999999999
COMP35,2022,21.9,3.35,14.2,0.8499999999999999
COMP35,2023,21.9,3.4,14.2,0.8
COMP35,2024,21.9,3.45,14.2,0.75
COMP35,2025,21.9,3.5,14.2,0.7
COMP36,2015,22.25,1.0,14.25,0.5
COMP36,2016,22.25,1.05,14.25,0.52
COMP36,2017,22.25,1.1,14.25,0.54
COMP36,2018,22.25,1.15,14.25,0.56
COMP36,2019,22.25,1.2,14.25,0.58
COMP36,2020,22.25,1.25,14.25,0.6
COMP36,2021,22.25,1.3,14.25,0.62
COMP36,2022,22.25,1.35,14.25,0.64
COMP36,2023,22.25,1.4,14.25,0.66
COMP36,2024,22.25,1.45,14.25,0.6799999999999999
COMP36,2025,22.25,1.5,14.25,0.7
COMP37,2015,22.6,1.5,14.3,1.0
COMP37,2016,22.6,1.55,14.3,0.95
COMP37,2017,22.6,1.6,14.3,0.9
COMP37,2018,22.6,1.65,14.3,0.85
COMP37,2019,22.6,1.7,14.3,0.8
COMP37,2020,22.6,1.75,14.3,0.75
COMP37,2021,22.6,1.8,14.3,0.7
COMP37,2022,22.6,1.85,14.3,0.6499999999999999
COMP37,2023,22.6,1.9,14.3,0.6
COMP37,2024,22.6,1.95,14.3,0.55
COMP37,2025,22.6,2.0,14.3,0.5
COMP38,2015,22.95,2.0,14.35,0.5
COMP38,2016,22.95,2.05,14.35,0.52
COMP38,2017,22.95,2.1,14.35,0.54
COMP38,2018,22.95,2.15,14.35,0.56
COMP38,2019,22.95,2.2,14.35,0.58
COMP38,2020,22.95,2.25,14.35,0.6
COMP38,2021,22.95,2.3,14.35,0.62
COMP38,2022,22.95,2.35,14.35,0.64
COMP38,2023,22.95,2.4,14.35,0.66
COMP38,2024,22.95,2.45,14.35,0.6799999999999999
COMP38,2025,22.95,2.5,14.35,0.7
COMP39,2015,23.3,2.5,14.4,1.4
COMP39,2016,23.3,2.55,14.4,1.35
COMP39,2017,23.3,2.6,14.4,1.3
COMP39,2018,23.3,2.65,14.4,1.25
COMP39,2019,23.3,2.7,14.4,1.2
COMP39,2020,23.3,2.75,14.4,1.15
COMP39,2021,23.3,2.8,14.4,1.1
COMP39,2022,23.3,2.85,14.4,1.05
COMP39,2023,23.3,2.9,14.4,1.0
COMP39,2024,23.3,2.95,14.4,0.9500000000000001
COMP39,2025,23.3,3.0,14.4,0.9
COMP40,2015,23.65,3.0,14.45,0.5
COMP40,2016,23.65,3.05,14.45,0.52
COMP40,2017,23.65,3.1,14.45,0.54
COMP40,2018,23.65,3.15,14.45,0.56
COMP40,2019,23.65,3.2,14.45,0.58
COMP40,2020,23.65,3.25,14.45,0.6
COMP40,2021,23.65,3.3,14.45,0.62
COMP40,2022,23.65,3.35,14.45,0.64
COMP40,2023,23.65,3.4,14.45,0.66
COMP40,2024,23.65,3.45,14.45,0.6799999999999999
COMP40,2025,23.65,3.5,14.45,0.7
COMP41,2015,24.0,1.0,14.5,1.2
COMP41,2016,24.0,1.05,14.5,1.15
COMP41,2017,24.0,1.1,14.5,1.1
COMP41,2018,24.0,1.15,14.5,1.05
COMP41,2019,24.0,1.2,14.5,1.0
COMP41,2020,24.0,1.25,14.5,0.95
COMP41,2021,24.0,1.3,14.5,0.8999999999999999
COMP41,2022,24.0,1.35,14.5,0.8499999999999999
COMP41,2023,24.0,1.4,14.5,0.8
COMP41,2024,24.0,1.45,14.5,0.75
COMP41,2025,24.0,1.5,14.5,0.7
COMP42,2015,24.35,1.5,14.55,0.5
COMP42,2016,24.35,1.55,14.55,0.52
COMP42,2017,24.35,1.6,14.55,0.54
COMP42,2018,24.35,1.65,14.55,0.56
COMP42,2019,24.35,1.7,14.55,0.58
COMP42,2020,24.35,1.75,14.55,0.6
COMP42,2021,24.35,1.8,14.55,0.62
COMP42,2022,24.35,1.85,14.55,0.64
COMP42,2023,24.35,1.9,14.55,0.66
COMP42,2024,24.35,1.95,14.55,0.6799999999999999
COMP42,2025,24.35,2.0,14.55,0.7
COMP43,2015,24.7,2.0,14.6,1.0
COMP43,2016,24.7,2.05,14.6,0.95
COMP43,2017,24.7,2.1,14.6,0.9
COMP43,2018,24.7,2.15,14.6,0.85
COMP43,2019,24.7,2.2,14.6,0.8
COMP43,2020,24.7,2.25,14.6,0.75
COMP43,2021,24.7,2.3,14.6,0.7
COMP43,2022,24.7,2.35,14.6,0.6499999999999999
COMP43,2023,24.7,2.4,14.6,0.6
COMP43,2024,24.7,2.45,14.6,0.55
COMP43,2025,24.7,2.5,14.6,0.5
COMP44,2015,25.05,2.5,14.65,0.5
COMP44,2016,25.05,2.55,14.65,0.52
COMP44,2017,25.05,2.6,14.65,0.54
COMP44,2018,25.05,2.65,14.65,0.56
COMP44,2019,25.05,2.7,14.65,0.58
COMP44,2020,25.05,2.75,14.65,0.6
COMP44,2021,25.05,2.8,14.65,0.62
COMP44,2022,25.05,2.85,14.65,0.64
COMP44,2023,25.05,2.9,14.65,0.66
COMP44,2024,25.05,2.95,14.65,0.6799999999999999
COMP44,2025,25.05,3.0,14.65,0.7
COMP45,2015,25.4,3.0,14.7,1.4
COMP45,2016,25.4,3.05,14.7,1.35
COMP45,2017,25.4,3.1,14.7,1.3
COMP45,2018,25.4,3.15,14.7,1.25
COMP45,2019,25.4,3.2,14.7,1.2
COMP45,2020,25.4,3.25,14.7,1.15
COMP45,2021,25.4,3.3,14.7,1.1
COMP45,2022,25.4,3.35,14.7,1.05
COMP45,2023,25.4,3.4,14.7,1.0
COMP45,2024,25.4,3.45,14.7,0.9500000000000001
COMP45,2025,25.4,3.5,14.7,0.9
COMP46,2015,25.75,1.0,14.75,0.5
COMP46,2016,25.75,1.05,14.75,0.52
COMP46,2017,25.75,1.1,14.75,0.54
COMP46,2018,25.75,1.15,14.75,0.56
COMP46,2019,25.75,1.2,14.75,0.58
COMP46,2020,25.75,1.25,14.75,0.6
COMP46,2021,25.75,1.3,14.75,0.62
COMP46,2022,25.75,1.35,14.75,0.64
COMP46,2023,25.75,1.4,14.75,0.66
COMP46,2024,25.75,1.45,14.75,0.6799999999999999
COMP46,2025,25.75,1.5,14.75,0.7
COMP47,2015,26.1,1.5,14.8,1.2
COMP47,2016,26.1,1.55,14.8,1.15
COMP47,2017,26.1,1.6,14.8,1.1
COMP47,2018,26.1,1.65,14.8,1.05
COMP47,2019,26.1,1.7,14.8,1.0
COMP47,2020,26.1,1.75,14.8,0.95
COMP47,2021,26.1,1.8,14.8,0.8999999999999999
COMP47,2022,26.1,1.85,14.8,0.8499999999999999
COMP47,2023,26.1,1.9,14.8,0.8
COMP47,2024,26.1,1.95,14.8,0.75
COMP47,2025,26.1,2.0,14.8,0.7
COMP48,2015,26.45,2.0,14.85,0.5
COMP48,2016,26.45,2.05,14.85,0.52
COMP48,2017,26.45,2.1,14.85,0.54
COMP48,2018,26.45,2.15,14.85,0.56
COMP48,2019,26.45,2.2,14.85,0.58
COMP48,2020,26.45,2.25,14.85,0.6
COMP48,2021,26.45,2.3,14.85,0.62
COMP48,2022,26.45,2.35,14.85,0.64
COMP48,2023,26.45,2.4,14.85,0.66
COMP48,2024,26.45,2.45,14.85,0.6799999999999999
COMP48,2025,26.45,2.5,14.85,0.7
COMP49,2015,26.8,2.5,14.9,1.0
COMP49,2016,26.8,2.55,14.9,0.95
COMP49,2017,26.8,2.6,14.9,0.9
COMP49,2018,26.8,2.65,14.9,0.85
COMP49,2019,26.8,2.7,14.9,0.8
COMP49,2020,26.8,2.75,14.9,0.75
COMP49,2021,26.8,2.8,14.9,0.7
COMP49,2022,26.8,2.85,14.9,0.6499999999999999
COMP49,2023,26.8,2.9,14.9,0.6
COMP49,2024,26.8,2.95,14.9,0.55
COMP49,2025,26.8,3.0,14.9,0.5
COMP50,2015,27.15,3.0,14.95,0.5
COMP50,2016,27.15,3.05,14.95,0.52
COMP50,2017,27.15,3.1,14.95,0.54
COMP50,2018,27.15,3.15,14.95,0.56
COMP50,2019,27.15,3.2,14.95,0.58
COMP50,2020,27.15,3.25,14.95,0.6
COMP50,2021,27.15,3.3,14.95,0.62
COMP50,2022,27.15,3.35,14.95,0.64
COMP50,2023,27.15,3.4,14.95,0.66
COMP50,2024,27.15,3.45,14.95,0.6799999999999999
COMP50,2025,27.15,3.5,14.95,0.7
COMP51,2015,27.5,1.0,15.0,1.4
COMP51,2016,27.5,1.05,15.0,1.35
COMP51,2017,27.5,1.1,15.0,1.3
COMP51,2018,27.5,1.15,15.0,1.25
COMP51,2019,27.5,1.2,15.0,1.2
COMP51,2020,27.5,1.25,15.0,1.15
COMP51,2021,27.5,1.3,15.0,1.1
COMP51,2022,27.5,1.35,15.0,1.05
COMP51,2023,27.5,1.4,15.0,1.0
COMP51,2024,27.5,1.45,15.0,0.9500000000000001
COMP51,2025,27.5,1.5,15.0,0.9
COMP52,2015,27.85,1.5,15.05,0.5
COMP52,2016,27.85,1.55,15.05,0.52
COMP52,2017,27.85,1.6,15.05,0.54
COMP52,2018,27.85,1.65,15.05,0.56
COMP52,2019,27.85,1.7,15.05,0.58
COMP52,2020,27.85,1.75,15.05,0.6
COMP52,2021,27.85,1.8,15.05,0.62
COMP52,2022,27.85,1.85,15.05,0.64
COMP52,2023,27.85,1.9,15.05,0.66
COMP52,2024,27.85,1.95,15.05,0.6799999999999999
COMP52,2025,27.85,2.0,15.05,0.7
COMP53,2015,28.2,2.0,15.1,1.2
COMP53,2016,28.2,2.05,15.1,1.15
COMP53,2017,28.2,2.1,15.1,1.1
COMP53,2018,28.2,2.15,15.1,1.05
COMP53,2019,28.2,2.2,15.1,1.0
COMP53,2020,28.2,2.25,15.1,0.95
COMP53,2021,28.2,2.3,15.1,0.8999999999999999
COMP53,2022,28.2,2.35,15.1,0.8499999999999999
COMP53,2023,28.2,2.4,15.1,0.8
COMP53,2024,28.2,2.45,15.1,0.75
COMP53,2025,28.2,2.5,15.1,0.7
COMP54,2015,28.55,2.5,15.15,0.5
COMP54,2016,28.55,2.55,15.15,0.52
COMP54,2017,28.55,2.6,15.15,0.54
COMP54,2018,28.55,2.65,15.15,0.56
COMP54,2019,28.55,2.7,15.15,0.58
COMP54,2020,28.55,2.75,15.15,0.6
COMP54,2021,28.55,2.8,15.15,0.62
COMP54,2022,28.55,2.85,15.15,0.64
COMP54,2023,28.55,2.9,15.15,0.66
COMP54,2024,28.55,2.95,15.15,0.6799999999999999
COMP54,2025,28.55,3.0,15.15,0.7
COMP55,2015,28.9,3.0,15.2,1.0
COMP55,2016,28.9,3.05,15.2,0.95
COMP55,2017,28.9,3.1,15.2,0.9
COMP55,2018,28.9,3.15,15.2,0.85
COMP55,2019,28.9,3.2,15.2,0.8
COMP55,2020,28.9,3.25,15.2,0.75
COMP55,2021,28.9,3.3,15.2,0.7
COMP55,2022,28.9,3.35,15.2,0.6499999999999999
COMP55,2023,28.9,3.4,15.2,0.6
COMP55,2024,28.9,3.45,15.2,0.55
COMP55,2025,28.9,3.5,15.2,0.5
COMP56,2015,29.25,1.0,15.25,0.5
COMP56,2016,29.25,1.05,15.25,0.52
COMP56,2017,29.25,1.1,15.25,0.54
COMP56,2018,29.25,1.15,15.25,0.56
COMP56,2019,29.25,1.2,15.25,0.58
COMP56,2020,29.25,1.25,15.25,0.6
COMP56,2021,29.25,1.3,15.25,0.62
COMP56,2022,29.25,1.35,15.25,0.64
COMP56,2023,29.25,1.4,15.25,0.66
COMP56,2024,29.25,1.45,15.25,0.6799999999999999
COMP56,2025,29.25,1.5,15.25,0.7
COMP57,2015,29.6,1.5,15.3,1.4
COMP57,2016,29.6,1.55,15.3,1.35
COMP57,2017,29.6,1.6,15.3,1.3
COMP57,2018,29.6,1.65,15.3,1.25
COMP57,2019,29.6,1.7,15.3,1.2
COMP57,2020,29.6,1.75,15.3,1.15
COMP57,2021,29.6,1.8,15.3,1.1
COMP57,2022,29.6,1.85,15.3,1.05
COMP57,2023,29.6,1.9,15.3,1.0
COMP57,2024,29.6,1.95,15.3,0.9500000000000001
COMP57,2025,29.6,2.0,15.3,0.9
COMP58,2015,29.95,2.0,15.35,0.5
COMP58,2016,29.95,2.05,15.35,0.52
COMP58,2017,29.95,2.1,15.35,0.54
COMP58,2018,29.95,2.15,15.35,0.56
COMP58,2019,29.95,2.2,15.35,0.58
COMP58,2020,29.95,2.25,15.35,0.6
COMP58,2021,29.95,2.3,15.35,0.62
COMP58,2022,29.95,2.35,15.35,0.64
COMP58,2023,29.95,2.4,15.35,0.66
COMP58,2024,29.95,2.45,15.35,0.6799999999999999
COMP58,2025,29.95,2.5,15.35,0.7
COMP59,2015,30.3,2.5,15.4,1.2
COMP59,2016,30.3,2.55,15.4,1.15
COMP59,2017,30.3,2.6,15.4,1.1
COMP59,2018,30.3,2.65,15.4,1.05
COMP59,2019,30.3,2.7,15.4,1.0
COMP59,2020,30.3,2.75,15.4,0.95
COMP59,2021,30.3,2.8,15.4,0.8999999999999999
COMP59,2022,30.3,2.85,15.4,0.8499999999999999
COMP59,2023,30.3,2.9,15.4,0.8
COMP59,2024,30.3,2.95,15.4,0.75
COMP59,2025,30.3,3.0,15.4,0.7
COMP60,2015,30.65,3.0,15.45,0.5
COMP60,2016,30.65,3.05,15.45,0.52
COMP60,2017,30.65,3.1,15.45,0.54
COMP60,2018,30.65,3.15,15.45,0.56
COMP60,2019,30.65,3.2,15.45,0.58
COMP60,2020,30.65,3.25,15.45,0.6
COMP60,2021,30.65,3.3,15.45,0.62
COMP60,2022,30.65,3.35,15.45,0.64
COMP60,2023,30.65,3.4,15.45,0.66
COMP60,2024,30.65,3.45,15.45,0.6799999999999999
COMP60,2025,30.65,3.5,15.45,0.7
COMP61,2015,31.0,1.0,15.5,1.0
COMP61,2016,31.0,1.05,15.5,0.95
COMP61,2017,31.0,1.1,15.5,0.9
COMP61,2018,31.0,1.15,15.5,0.85
COMP61,2019,31.0,1.2,15.5,0.8
COMP61,2020,31.0,1.25,15.5,0.75
COMP61,2021,31.0,1.3,15.5,0.7
COMP61,2022,31.0,1.35,15.5,0.6499999999999999
COMP61,2023,31.0,1.4,15.5,0.6
COMP61,2024,31.0,1.45,15.5,0.55
COMP61,2025,31.0,1.5,15.5,0.5
COMP62,2015,31.35,1.5,15.55,0.5
COMP62,2016,31.35,1.55,15.55,0.52
COMP62,2017,31.35,1.6,15.55,0.54
COMP62,2018,31.35,1.65,15.55,0.56
COMP62,2019,31.35,1.7,15.55,0.58
COMP62,2020,31.35,1.75,15.55,0.6
COMP62,2021,31.35,1.8,15.55,0.62
COMP62,2022,31.35,1.85,15.55,0.64
COMP62,2023,31.35,1.9,15.55,0.66
COMP62,2024,31.35,1.95,15.55,0.6799999999999999
COMP62,2025,31.35,2.0,15.55,0.7
COMP63,2015,31.7,2.0,15.6,1.4
COMP63,2016,31.7,2.05,15.6,1.35
COMP63,2017,31.7,2.1,15.6,1.3
COMP63,2018,31.7,2.15,15.6,1.25
COMP63,2019,31.7,2.2,15.6,1.2
COMP63,2020,31.7,2.25,15.6,1.15
COMP63,2021,31.7,2.3,15.6,1.1
COMP63,2022,31.7,2.35,15.6,1.05
COMP63,2023,31.7,2.4,15.6,1.0
COMP63,2024,31.7,2.45,15.6,0.9500000000000001
COMP63,2025,31.7,2.5,15.6,0.9
COMP64,2015,32.05,2.5,15.65,0.5
COMP64,2016,32.05,2.55,15.65,0.52
COMP64,2017,32.05,2.6,15.65,0.54
COMP64,2018,32.05,2.65,15.65,0.56
COMP64,2019,32.05,2.7,15.65,0.58
COMP64,2020,32.05,2.75,15.65,0.6
COMP64,2021,32.05,2.8,15.65,0.62
COMP64,2022,32.05,2.85,15.65,0.64
COMP64,2023,32.05,2.9,15.65,0.66
COMP64,2024,32.05,2.95,15.65,0.6799999999999999
COMP64,2025,32.05,3.0,15.65,0.7
COMP65,2015,32.4,3.0,15.7,1.2
COMP65,2016,32.4,3.05,15.7,1.15
COMP65,2017,32.4,3.1,15.7,1.1
COMP65,2018,32.4,3.15,15.7,1.05
COMP65,2019,32.4,3.2,15.7,1.0
COMP65,2020,32.4,3.25,15.7,0.95
COMP65,2021,32.4,3.3,15.7,0.8999999999999999
COMP65,2022,32.4,3.35,15.7,0.8499999999999999
COMP65,2023,32.4,3.4,15.7,0.8
COMP65,2024,32.4,3.45,15.7,0.75
COMP65,2025,32.4,3.5,15.7,0.7
COMP66,2015,32.75,1.0,15.75,0.5
COMP66,2016,32.75,1.05,15.75,0.52
COMP66,2017,32.75,1.1,15.75,0.54
COMP66,2018,32.75,1.15,15.75,0.56
COMP66,2019,32.75,1.2,15.75,0.58
COMP66,2020,32.75,1.25,15.75,0.6
COMP66,2021,32.75,1.3,15.75,0.62
COMP66,2022,32.75,1.35,15.75,0.64
COMP66,2023,32.75,1.4,15.75,0.66
COMP66,2024,32.75,1.45,15.75,0.6799999999999999
COMP66,2025,32.75,1.5,15.75,0.7
COMP67,2015,33.09999999999999,1.5,15.8,1.0
COMP67,2016,33.09999999999999,1.55,15.8,0.95
COMP67,2017,33.09999999999999,1.6,15.8,0.9
COMP67,2018,33.09999999999999,1.65,15.8,0.85
COMP67,2019,33.09999999999999,1.7,15.8,0.8
COMP67,2020,33.09999999999999,1.75,15.8,0.75
COMP67,2021,33.09999999999999,1.8,15.8,0.7
COMP67,2022,33.09999999999999,1.85,15.8,0.6499999999999999
COMP67,2023,33.09999999999999,1.9,15.8,0.6
COMP67,2024,33.09999999999999,1.95,15.8,0.55
COMP67,2025,33.09999999999999,2.0,15.8,0.5
COMP68,2015,33.45,2.0,15.85,0.5
COMP68,2016,33.45,2.05,15.85,0.52
COMP68,2017,33.45,2.1,15.85,0.54
COMP68,2018,33.45,2.15,15.85,0.56
COMP68,2019,33.45,2.2,15.85,0.58
COMP68,2020,33.45,2.25,15.85,0.6
COMP68,2021,33.45,2.3,15.85,0.62
COMP68,2022,33.45,2.35,15.85,0.64
COMP68,2023,33.45,2.4,15.85,0.66
COMP68,2024,33.45,2.45,15.85,0.6799999999999999
COMP68,2025,33.45,2.5,15.85,0.7
COMP69,2015,33.8,2.5,15.9,1.4
COMP69,2016,33.8,2.55,15.9,1.35
COMP69,2017,33.8,2.6,15.9,1.3
COMP69,2018,33.8,2.65,15.9,1.25
COMP69,2019,33.8,2.7,15.9,1.2
COMP69,2020,33.8,2.75,15.9,1.15
COMP69,2021,33.8,2.8,15.9,1.1
COMP69,2022,33.8,2.85,15.9,1.05
COMP69,2023,33.8,2.9,15.9,1.0
COMP69,2024,33.8,2.95,15.9,0.9500000000000001
COMP69,2025,33.8,3.0,15.9,0.9
COMP70,2015,34.15,3.0,15.95,0.5
COMP70,2016,34.15,3.05,15.95,0.52
COMP70,2017,34.15,3.1,15.95,0.54
COMP70,2018,34.15,3.15,15.95,0.56
COMP70,2019,34.15,3.2,15.95,0.58
COMP70,2020,34.15,3.25,15.95,0.6
COMP70,2021,34.15,3.3,15.95,0.62
COMP70,2022,34.15,3.35,15.95,0.64
COMP70,2023,34.15,3.4,15.95,0.66
COMP70,2024,34.15,3.45,15.95,0.6799999999999999
COMP70,2025,34.15,3.5,15.95,0.7
COMP71,2015,34.5,1.0,16.0,1.2
COMP71,2016,34.5,1.05,16.0,1.15
COMP71,2017,34.5,1.1,16.0,1.1
COMP71,2018,34.5,1.15,16.0,1.05
COMP71,2019,34.5,1.2,16.0,1.0
COMP71,2020,34.5,1.25,16.0,0.95
COMP71,2021,34.5,1.3,16.0,0.8999999999999999
COMP71,2022,34.5,1.35,16.0,0.8499999999999999
COMP71,2023,34.5,1.4,16.0,0.8
COMP71,2024,34.5,1.45,16.0,0.75
COMP71,2025,34.5,1.5,16.0,0.7
COMP72,2015,34.84999999999999,1.5,16.05,0.5
COMP72,2016,34.84999999999999,1.55,16.05,0.52
COMP72,2017,34.84999999999999,1.6,16.05,0.54
COMP72,2018,34.84999999999999,1.65,16.05,0.56
COMP72,2019,34.84999999999999,1.7,16.05,0.58
COMP72,2020,34.84999999999999,1.75,16.05,0.6
COMP72,2021,34.84999999999999,1.8,16.05,0.62
COMP72,2022,34.84999999999999,1.85,16.05,0.64
COMP72,2023,34.84999999999999,1.9,16.05,0.66
COMP72,2024,34.84999999999999,1.95,16.05,0.6799999999999999
COMP72,2025,34.84999999999999,2.0,16.05,0.7
COMP73,2015,35.2,2.0,16.1,1.0
COMP73,2016,35.2,2.05,16.1,0.95
COMP73,2017,35.2,2.1,16.1,0.9
COMP73,2018,35.2,2.15,16.1,0.85
COMP73,2019,35.2,2.2,16.1,0.8
COMP73,2020,35.2,2.25,16.1,0.75
COMP73,2021,35.2,2.3,16.1,0.7
COMP73,2022,35.2,2.35,16.1,0.6499999999999999
COMP73,2023,35.2,2.4,16.1,0.6
COMP73,2024,35.2,2.45,16.1,0.55
COMP73,2025,35.2,2.5,16.1,0.5
COMP74,2015,35.55,2.5,16.15,0.5
COMP74,2016,35.55,2.55,16.15,0.52
COMP74,2017,35.55,2.6,16.15,0.54
COMP74,2018,35.55,2.65,16.15,0.56
COMP74,2019,35.55,2.7,16.15,0.58
COMP74,2020,35.55,2.75,16.15,0.6
COMP74,2021,35.55,2.8,16.15,0.62
COMP74,2022,35.55,2.85,16.15,0.64
COMP74,2023,35.55,2.9,16.15,0.66
COMP74,2024,35.55,2.95,16.15,0.6799999999999999
COMP74,2025,35.55,3.0,16.15,0.7
COMP75,2015,35.9,3.0,16.2,1.4
COMP75,2016,35.9,3.05,16.2,1.35
COMP75,2017,35.9,3.1,16.2,1.3
COMP75,2018,35.9,3.15,16.2,1.25
COMP75,2019,35.9,3.2,16.2,1.2
COMP75,2020,35.9,3.25,16.2,1.15
COMP75,2021,35.9,3.3,16.2,1.1
COMP75,2022,35.9,3.35,16.2,1.05
COMP75,2023,35.9,3.4,16.2,1.0
COMP75,2024,35.9,3.45,16.2,0.9500000000000001
COMP75,2025,35.9,3.5,16.2,0.9
COMP76,2015,36.25,1.0,16.25,0.5
COMP76,2016,36.25,1.05,16.25,0.52
COMP76,2017,36.25,1.1,16.25,0.54
COMP76,2018,36.25,1.15,16.25,0.56
COMP76,2019,36.25,1.2,16.25,0.58
COMP76,2020,36.25,1.25,16.25,0.6
COMP76,2021,36.25,1.3,16.25,0.62
COMP76,2022,36.25,1.35,16.25,0.64
COMP76,2023,36.25,1.4,16.25,0.66
COMP76,2024,36.25,1.45,16.25,0.6799999999999999
COMP76,2025,36.25,1.5,16.25,0.7
COMP77,2015,36.59999999999999,1.5,16.3,1.2
COMP77,2016,36.59999999999999,1.55,16.3,1.15
COMP77,2017,36.59999999999999,1.6,16.3,1.1
COMP77,2018,36.59999999999999,1.65,16.3,1.05
COMP77,2019,36.59999999999999,1.7,16.3,1.0
COMP77,2020,36.59999999999999,1.75,16.3,0.95
COMP77,2021,36.59999999999999,1.8,16.3,0.8999999999999999
COMP77,2022,36.59999999999999,1.85,16.3,0.8499999999999999
COMP77,2023,36.59999999999999,1.9,16.3,0.8
COMP77,2024,36.59999999999999,1.95,16.3,0.75
COMP77,2025,36.59999999999999,2.0,16.3,0.7
COMP78,2015,36.95,2.0,16.35,0.5
COMP78,2016,36.95,2.05,16.35,0.52
COMP78,2017,36.95,2.1,16.35,0.54
COMP78,2018,36.95,2.15,16.35,0.56
COMP78,2019,36.95,2.2,16.35,0.58
COMP78,2020,36.95,2.25,16.35,0.6
COMP78,2021,36.95,2.3,16.35,0.62
COMP78,2022,36.95,2.35,16.35,0.64
COMP78,2023,36.95,2.4,16.35,0.66
COMP78,2024,36.95,2.45,16.35,0.6799999999999999
COMP78,2025,36.95,2.5,16.35,0.7
COMP79,2015,37.3,2.5,16.4,1.0
COMP79,2016,37.3,2.55,16.4,0.95
COMP79,2017,37.3,2.6,16.4,0.9
COMP79,2018,37.3,2.65,16.4,0.85
COMP79,2019,37.3,2.7,16.4,0.8
COMP79,2020,37.3,2.75,16.4,0.75
COMP79,2021,37.3,2.8,16.4,0.7
COMP79,2022,37.3,2.85,16.4,0.6499999999999999
COMP79,2023,37.3,2.9,16.4,0.6
COMP79,2024,37.3,2.95,16.4,0.55
COMP79,2025,37.3,3.0,16.4,0.5
COMP80,2015,37.65,3.0,16.45,0.5
COMP80,2016,37.65,3.05,16.45,0.52
COMP80,2017,37.65,3.1,16.45,0.54
COMP80,2018,37.65,3.15,16.45,0.56
COMP80,2019,37.65,3.2,16.45,0.58
COMP80,2020,37.65,3.25,16.45,0.6
COMP80,2021,37.65,3.3,16.45,0.62
COMP80,2022,37.65,3.35,16.45,0.64
COMP80,2023,37.65,3.4,16.45,0.66
COMP80,2024,37.65,3.45,16.45,0.6799999999999999
COMP80,2025,37.65,3.5,16.45,0.7
COMP81,2015,38.0,1.0,16.5,1.4
COMP81,2016,38.0,1.05,16.5,1.35
COMP81,2017,38.0,1.1,16.5,1.3
COMP81,2018,38.0,1.15,16.5,1.25
COMP81,2019,38.0,1.2,16.5,1.2
COMP81,2020,38.0,1.25,16.5,1.15
COMP81,2021,38.0,1.3,16.5,1.1
COMP81,2022,38.0,1.35,16.5,1.05
COMP81,2023,38.0,1.4,16.5,1.0
COMP81,2024,38.0,1.45,16.5,0.9500000000000001
COMP82,2015,38.34999999999999,1.5,16.55,0.5
COMP82,2016,38.34999999999999,1.55,16.55,0.52
COMP82,2017,38.34999999999999,1.6,16.55,0.54
COMP82,2018,38.34999999999999,1.65,16.55,0.56
COMP82,2019,38.34999999999999,1.7,16.55,0.58
COMP82,2020,38.34999999999999,1.75,16.55,0.6
COMP82,2021,38.34999999999999,1.8,16.55,0.62
COMP82,2022,38.34999999999999,1.85,16.55,0.64
COMP82,2023,38.34999999999999,1.9,16.55,0.66
COMP82,2024,38.34999999999999,1.95,16.55,0.6799999999999999
COMP83,2015,38.7,2.0,16.6,1.2
COMP83,2016,38.7,2.05,16.6,1.15
COMP83,2017,38.7,2.1,16.6,1.1
COMP83,2018,38.7,2.15,16.6,1.05
COMP83,2019,38.7,2.2,16.6,1.0
COMP83,2020,38.7,2.25,16.6,0.95
COMP83,2021,38.7,2.3,16.6,0.8999999999999999
COMP83,2022,38.7,2.35,16.6,0.8499999999999999
COMP83,2023,38.7,2.4,16.6,0.8
COMP83,2024,38.7,2.45,16.6,0.75
COMP84,2015,39.05,2.5,16.65,0.5
COMP84,2016,39.05,2.55,16.65,0.52
COMP84,2017,39.05,2.6,16.65,0.54
COMP84,2018,39.05,2.65,16.65,0.56
COMP84,2019,39.05,2.7,16.65,0.58
COMP84,2020,39.05,2.75,16.65,0.6
COMP84,2021,39.05,2.8,16.65,0.62
COMP84,2022,39.05,2.85,16.65,0.64
COMP84,2023,39.05,2.9,16.65,0.66
COMP84,2024,39.05,2.95,16.65,0.6799999999999999
COMP85,2015,39.4,3.0,16.7,1.0
COMP85,2016,39.4,3.05,16.7,0.95
COMP85,2017,39.4,3.1,16.7,0.9
COMP85,2018,39.4,3.15,16.7,0.85
COMP85,2019,39.4,3.2,16.7,0.8
COMP85,2020,39.4,3.25,16.7,0.75
COMP85,2021,39.4,3.3,16.7,0.7
COMP85,2022,39.4,3.35,16.7,0.6499999999999999
COMP85,2023,39.4,3.4,16.7,0.6
COMP85,2024,39.4,3.45,16.7,0.55
COMP86,2015,39.75,1.0,16.75,0.5
COMP86,2016,39.75,1.05,16.75,0.52
COMP86,2017,39.75,1.1,16.75,0.54
COMP86,2018,39.75,1.15,16.75,0.56
COMP86,2019,39.75,1.2,16.75,0.58
COMP86,2020,39.75,1.25,16.75,0.6
COMP86,2021,39.75,1.3,16.75,0.62
COMP86,2022,39.75,1.35,16.75,0.64
COMP86,2023,39.75,1.4,16.75,0.66
COMP86,2024,39.75,1.45,16.75,0.6799999999999999
COMP87,2015,40.09999999999999,1.5,16.8,1.4
COMP87,2016,40.09999999999999,1.55,16.8,1.35
COMP87,2017,40.09999999999999,1.6,16.8,1.3
COMP87,2018,40.09999999999999,1.65,16.8,1.25
COMP87,2019,40.09999999999999,1.7,16.8,1.2
COMP87,2020,40.09999999999999,1.75,16.8,1.15
COMP87,2021,40.09999999999999,1.8,16.8,1.1
COMP87,2022,40.09999999999999,1.85,16.8,1.05
COMP87,2023,40.09999999999999,1.9,16.8,1.0
COMP87,2024,40.09999999999999,1.95,16.8,0.9500000000000001
COMP88,2015,40.45,2.0,16.85,0.5
COMP88,2016,40.45,2.05,16.85,0.52
COMP88,2017,40.45,2.1,16.85,0.54
COMP88,2018,40.45,2.15,16.85,0.56
COMP88,2019,40.45,2.2,16.85,0.58
COMP88,2020,40.45,2.25,16.85,0.6
COMP88,2021,40.45,2.3,16.85,0.62
COMP88,2022,40.45,2.35,16.85,0.64
COMP88,2023,40.45,2.4,16.85,0.66
COMP88,2024,40.45,2.45,16.85,0.6799999999999999
COMP89,2015,40.8,2.5,16.9,1.2
COMP89,2016,40.8,2.55,16.9,1.15
COMP89,2017,40.8,2.6,16.9,1.1
COMP89,2018,40.8,2.65,16.9,1.05
COMP89,2019,40.8,2.7,16.9,1.0
COMP89,2020,40.8,2.75,16.9,0.95
COMP89,2021,40.8,2.8,16.9,0.8999999999999999
COMP89,2022,40.8,2.85,16.9,0.8499999999999999
COMP89,2023,40.8,2.9,16.9,0.8
COMP89,2024,40.8,2.95,16.9,0.75
COMP90,2015,41.15,3.0,16.95,0.5
COMP90,2016,41.15,3.05,16.95,0.52
COMP90,2017,41.15,3.1,16.95,0.54
COMP90,2018,41.15,3.15,16.95,0.56
COMP90,2019,41.15,3.2,16.95,0.58
COMP90,2020,41.15,3.25,16.95,0.6
COMP90,2021,41.15,3.3,16.95,0.62
COMP90,2022,41.15,3.35,16.95,0.64
COMP90,2023,41.15,3.4,16.95,0.66
COMP90,2024,41.15,3.45,16.95,0.6799999999999999
COMP91,2015,41.5,1.0,17.0,1.0
COMP91,2016,41.5,1.05,17.0,0.95
COMP91,2017,41.5,1.1,17.0,0.9
COMP91,2018,41.5,1.15,17.0,0.85
COMP91,2019,41.5,1.2,17.0,0.8
COMP91,2020,41.5,1.25,17.0,0.75
COMP91,2021,41.5,1.3,17.0,0.7
COMP91,2022,41.5,1.35,17.0,0.6499999999999999
COMP91,2023,41.5,1.4,17.0,0.6
COMP91,2024,41.5,1.45,17.0,0.55
COMP92,2015,41.84999999999999,1.5,17.05,0.5
COMP92,2016,41.84999999999999,1.55,17.05,0.52
COMP92,2017,41.84999999999999,1.6,17.05,0.54
COMP92,2018,41.84999999999999,1.65,17.05,0.56
COMP92,2019,41.84999999999999,1.7,17.05,0.58
COMP92,2020,41.84999999999999,1.75,17.05,0.6
COMP92,2021,41.84999999999999,1.8,17.05,0.62
COMP92,2022,41.84999999999999,1.85,17.05,0.64
COMP92,2023,41.84999999999999,1.9,17.05,0.66
COMP92,2024,41.84999999999999,1.95,17.05,0.6799999999999999
