ticker,date,open,high,low,close,volume
COMP67,2026-02-10,582.0,587.0,579.0,583.0,16600
COMP67,2026-02-11,582.5,587.5,579.5,583.5,16600
COMP67,2026-02-12,583.0,588.0,580.0,584.0,16600
COMP67,2026-02-13,583.5,588.5,580.5,584.5,16600
COMP67,2026-02-14,584.0,589.0,581.0,585.0,16600
COMP67,2026-02-15,584.5,589.5,581.5,585.5,16600
COMP67,2026-02-16,585.0,590.0,582.0,586.0,16600
COMP67,2026-02-17,585.5,590.5,582.5,586.5,16600
COMP67,2026-02-18,586.0,591.0,583.0,587.0,16600
COMP67,2026-02-19,586.5,591.5,583.5,587.5,16600
COMP67,2026-02-20,587.0,592.0,584.0,588.0,16600
COMP67,2026-02-21,587.5,592.5,584.5,588.5,16600
COMP67,2026-02-22,588.0,593.0,585.0,589.0,16600
COMP67,2026-02-23,588.5,593.5,585.5,589.5,16600
COMP67,2026-02-24,589.0,594.0,586.0,590.0,16600
COMP67,2026-02-25,589.5,594.5,586.5,590.5,16600
COMP67,2026-02-26,590.0,595.0,587.0,591.0,16600
COMP67,2026-02-27,590.5,595.5,587.5,591.5,16600
COMP67,2026-02-28,591.0,596.0,588.0,592.0,16600
COMP67,2026-03-01,591.5,596.5,588.5,592.5,16600
COMP68,2026-01-01,569.0,574.0,566.0,570.0,16700
COMP68,2026-01-02,569.5,574.5,566.5,570.5,16700
COMP68,2026-01-03,570.0,575.0,567.0,571.0,16700
COMP68,2026-01-04,570.5,575.5,567.5,571.5,16700
COMP68,2026-01-05,571.0,576.0,568.0,572.0,16700
COMP68,2026-01-06,571.5,576.5,568.5,572.5,16700
COMP68,2026-01-07,572.0,577.0,569.0,573.0,16700
COMP68,2026-01-08,572.5,577.5,569.5,573.5,16700
COMP68,2026-01-09,573.0,578.0,570.0,574.0,16700
COMP68,2026-01-10,573.5,578.5,570.5,574.5,16700
COMP68,2026-01-11,574.0,579.0,571.0,575.0,16700
COMP68,2026-01-12,574.5,579.5,571.5,575.5,16700
COMP68,2026-01-13,575.0,580.0,572.0,576.0,16700
COMP68,2026-01-14,575.5,580.5,572.5,576.5,16700
COMP68,2026-01-15,576.0,581.0,573.0,577.0,16700
COMP68,2026-01-16,576.5,581.5,573.5,577.5,16700
COMP68,2026-01-17,577.0,582.0,574.0,578.0,16700
COMP68,2026-01-18,577.5,582.5,574.5,578.5,16700
COMP68,2026-01-19,578.0,583.0,575.0,579.0,16700
COMP68,2026-01-20,578.5,583.5,575.5,579.5,16700
COMP68,2026-01-21,579.0,584.0,576.0,580.0,16700
COMP68,2026-01-22,579.5,584.5,576.5,580.5,16700
COMP68,2026-01-23,580.0,585.0,577.0,581.0,16700
COMP68,2026-01-24,580.5,585.5,577.5,581.5,16700
COMP68,2026-01-25,581.0,586.0,578.0,582.0,16700
COMP68,2026-01-26,581.5,586.5,578.5,582.5,16700
COMP68,2026-01-27,582.0,587.0,579.0,583.0,16700
COMP68,2026-01-28,582.5,587.5,579.5,583.5,16700
COMP68,2026-01-29,583.0,588.0,580.0,584.0,16700
COMP68,2026-01-30,583.5,588.5,580.5,584.5,16700
COMP68,2026-01-31,584.0,589.0,581.0,585.0,16700
COMP68,2026-02-01,584.5,589.5,581.5,585.5,16700
COMP68,2026-02-02,585.0,590.0,582.0,586.0,16700
COMP68,2026-02-03,585.5,590.5,582.5,586.5,16700
COMP68,2026-02-04,586.0,591.0,583.0,587.0,16700
COMP68,2026-02-05,586.5,591.5,583.5,587.5,16700
COMP68,2026-02-06,587.0,592.0,584.0,588.0,16700
COMP68,2026-02-07,587.5,592.5,584.5,588.5,16700
COMP68,2026-02-08,588.0,593.0,585.0,589.0,16700
COMP68,2026-02-09,588.5,593.5,585.5,589.5,16700
COMP68,2026-02-10,589.0,594.0,586.0,590.0,16700
COMP68,2026-02-11,589.5,594.5,586.5,590.5,16700
COMP68,2026-02-12,590.0,595.0,587.0,591.0,16700
COMP68,2026-02-13,590.5,595.5,587.5,591.5,16700
COMP68,2026-02-14,591.0,596.0,588.0,592.0,16700
COMP68,2026-02-15,591.5,596.5,588.5,592.5,16700
COMP68,2026-02-16,592.0,597.0,589.0,593.0,16700
COMP68,2026-02-17,592.5,597.5,589.5,593.5,16700
COMP68,2026-02-18,593.0,598.0,590.0,594.0,16700
COMP68,2026-02-19,593.5,598.5,590.5,594.5,16700
COMP68,2026-02-20,594.0,599.0,591.0,595.0,16700
COMP68,2026-02-21,594.5,599.5,591.5,595.5,16700
COMP68,2026-02-22,595.0,600.0,592.0,596.0,16700
COMP68,2026-02-23,595.5,600.5,592.5,596.5,16700
COMP68,2026-02-24,596.0,601.0,593.0,597.0,16700
COMP68,2026-02-25,596.5,601.5,593.5,597.5,16700
COMP68,2026-02-26,597.0,602.0,594.0,598.0,16700
COMP68,2026-02-27,597.5,602.5,594.5,598.5,16700
COMP68,2026-02-28,598.0,603.0,595.0,599.0,16700
COMP68,2026-03-01,598.5,603.5,595.5,599.5,16700
COMP69,2026-01-01,576.0,581.0,573.0,577.0,16800
COMP69,2026-01-02,576.5,581.5,573.5,577.5,16800
COMP69,2026-01-03,577.0,582.0,574.0,578.0,16800
COMP69,2026-01-04,577.5,582.5,574.5,578.5,16800
COMP69,2026-01-05,578.0,583.0,575.0,579.0,16800
COMP69,2026-01-06,578.5,583.5,575.5,579.5,16800
COMP69,2026-01-07,579.0,584.0,576.0,580.0,16800
COMP69,2026-01-08,579.5,584.5,576.5,580.5,16800
COMP69,2026-01-09,580.0,585.0,577.0,581.0,16800
COMP69,2026-01-10,580.5,585.5,577.5,581.5,16800
COMP69,2026-01-11,581.0,586.0,578.0,582.0,16800
COMP69,2026-01-12,581.5,586.5,578.5,582.5,16800
COMP69,2026-01-13,582.0,587.0,579.0,583.0,16800
COMP69,2026-01-14,582.5,587.5,579.5,583.5,16800
COMP69,2026-01-15,583.0,588.0,580.0,584.0,16800
COMP69,2026-01-16,583.5,588.5,580.5,584.5,16800
COMP69,2026-01-17,584.0,589.0,581.0,585.0,16800
COMP69,2026-01-18,584.5,589.5,581.5,585.5,16800
COMP69,2026-01-19,585.0,590.0,582.0,586.0,16800
COMP69,2026-01-20,585.5,590.5,582.5,586.5,16800
COMP69,2026-01-21,586.0,591.0,583.0,587.0,16800
COMP69,2026-01-22,586.5,591.5,583.5,587.5,16800
COMP69,2026-01-23,587.0,592.0,584.0,588.0,16800
COMP69,2026-01-24,587.5,592.5,584.5,588.5,16800
COMP69,2026-01-25,588.0,593.0,585.0,589.0,16800
COMP69,2026-01-26,588.5,593.5,585.5,589.5,16800
COMP69,2026-01-27,589.0,594.0,586.0,590.0,16800
COMP69,2026-01-28,589.5,594.5,586.5,590.5,16800
COMP69,2026-01-29,590.0,595.0,587.0,591.0,16800
COMP69,2026-01-30,590.5,595.5,587.5,591.5,16800
COMP69,2026-01-31,591.0,596.0,588.0,592.0,16800
COMP69,2026-02-01,591.5,596.5,588.5,592.5,16800
COMP69,2026-02-02,592.0,597.0,589.0,593.0,16800
COMP69,2026-02-03,592.5,597.5,589.5,593.5,16800
COMP69,2026-02-04,593.0,598.0,590.0,594.0,16800
COMP69,2026-02-05,593.5,598.5,590.5,594.5,16800
COMP69,2026-02-06,594.0,599.0,591.0,595.0,16800
COMP69,2026-02-07,594.5,599.5,591.5,595.5,16800
COMP69,2026-02-08,595.0,600.0,592.0,596.0,16800
COMP69,2026-02-09,595.5,600.5,592.5,596.5,16800
COMP69,2026-02-10,596.0,601.0,593.0,597.0,16800
COMP69,2026-02-11,596.5,601.5,593.5,597.5,16800
COMP69,2026-02-12,597.0,602.0,594.0,598.0,16800
COMP69,2026-02-13,597.5,602.5,594.5,598.5,16800
COMP69,2026-02-14,598.0,603.0,595.0,599.0,16800
COMP69,2026-02-15,598.5,603.5,595.5,599.5,16800
COMP69,2026-02-16,599.0,604.0,596.0,600.0,16800
COMP69,2026-02-17,599.5,604.5,596.5,600.5,16800
COMP69,2026-02-18,600.0,605.0,597.0,601.0,16800
COMP69,2026-02-19,600.5,605.5,597.5,601.5,16800
COMP69,2026-02-20,601.0,606.0,598.0,602.0,16800
COMP69,2026-02-21,601.5,606.5,598.5,602.5,16800
COMP69,2026-02-22,602.0,607.0,599.0,603.0,16800
COMP69,2026-02-23,602.5,607.5,599.5,603.5,16800
COMP69,2026-02-24,603.0,608.0,600.0,604.0,16800
COMP69,2026-02-25,603.5,608.5,600.5,604.5,16800
COMP69,2026-02-26,604.0,609.0,601.0,605.0,16800
COMP69,2026-02-27,604.5,609.5,601.5,605.5,16800
COMP69,2026-02-28,605.0,610.0,602.0,606.0,16800
COMP69,2026-03-01,605.5,610.5,602.5,606.5,16800
COMP70,2026-01-01,583.0,588.0,580.0,584.0,16900
COMP70,2026-01-02,583.5,588.5,580.5,584.5,16900
COMP70,2026-01-03,584.0,589.0,581.0,585.0,16900
COMP70,2026-01-04,584.5,589.5,581.5,585.5,16900
COMP70,2026-01-05,585.0,590.0,582.0,586.0,16900
COMP70,2026-01-06,585.5,590.5,582.5,586.5,16900
COMP70,2026-01-07,586.0,591.0,583.0,587.0,16900
COMP70,2026-01-08,586.5,591.5,583.5,587.5,16900
COMP70,2026-01-09,587.0,592.0,584.0,588.0,16900
COMP70,2026-01-10,587.5,592.5,584.5,588.5,16900
COMP70,2026-01-11,588.0,593.0,585.0,589.0,16900
COMP70,2026-01-12,588.5,593.5,585.5,589.5,16900
COMP70,2026-01-13,589.0,594.0,586.0,590.0,16900
COMP70,2026-01-14,589.5,594.5,586.5,590.5,16900
COMP70,2026-01-15,590.0,595.0,587.0,591.0,16900
COMP70,2026-01-16,590.5,595.5,587.5,591.5,16900
COMP70,2026-01-17,591.0,596.0,588.0,592.0,16900
COMP70,2026-01-18,591.5,596.5,588.5,592.5,16900
COMP70,2026-01-19,592.0,597.0,589.0,593.0,16900
COMP70,2026-01-20,592.5,597.5,589.5,593.5,16900
COMP70,2026-01-21,593.0,598.0,590.0,594.0,16900
COMP70,2026-01-22,593.5,598.5,590.5,594.5,16900
COMP70,2026-01-23,594.0,599.0,591.0,595.0,16900
COMP70,2026-01-24,594.5,599.5,591.5,595.5,16900
COMP70,2026-01-25,595.0,600.0,592.0,596.0,16900
COMP70,2026-01-26,595.5,600.5,592.5,596.5,16900
COMP70,2026-01-27,596.0,601.0,593.0,597.0,16900
COMP70,2026-01-28,596.5,601.5,593.5,597.5,16900
COMP70,2026-01-29,597.0,602.0,594.0,598.0,16900
COMP70,2026-01-30,597.5,602.5,594.5,598.5,16900
COMP70,2026-01-31,598.0,603.0,595.0,599.0,16900
COMP70,2026-02-01,598.5,603.5,595.5,599.5,16900
COMP70,2026-02-02,599.0,604.0,596.0,600.0,16900
COMP70,2026-02-03,599.5,604.5,596.5,600.5,16900
COMP70,2026-02-04,600.0,605.0,597.0,601.0,16900
COMP70,2026-02-05,600.5,605.5,597.5,601.5,16900
COMP70,2026-02-06,601.0,606.0,598.0,602.0,16900
COMP70,2026-02-07,601.5,606.5,598.5,602.5,16900
COMP70,2026-02-08,602.0,607.0,599.0,603.0,16900
COMP70,2026-02-09,602.5,607.5,599.5,603.5,16900
COMP70,2026-02-10,603.0,608.0,600.0,604.0,16900
COMP70,2026-02-11,603.5,608.5,600.5,604.5,16900
COMP70,2026-02-12,604.0,609.0,601.0,605.0,16900
COMP70,2026-02-13,604.5,609.5,601.5,605.5,16900
COMP70,2026-02-14,605.0,610.0,602.0,606.0,16900
COMP70,2026-02-15,605.5,610.5,602.5,606.5,16900
COMP70,2026-02-16,606.0,611.0,603.0,607.0,16900
COMP70,2026-02-17,606.5,611.5,603.5,607.5,16900
COMP70,2026-02-18,607.0,612.0,604.0,608.0,16900
COMP70,2026-02-19,607.5,612.5,604.5,608.5,16900
COMP70,2026-02-20,608.0,613.0,605.0,609.0,16900
COMP70,2026-02-21,608.5,613.5,605.5,609.5,16900
COMP70,2026-02-22,609.0,614.0,606.0,610.0,16900
COMP70,2026-02-23,609.5,614.5,606.5,610.5,16900
COMP70,2026-02-24,610.0,615.0,607.0,611.0,16900
COMP70,2026-02-25,610.5,615.5,607.5,611.5,16900
COMP70,2026-02-26,611.0,616.0,608.0,612.0,16900
COMP70,2026-02-27,611.5,616.5,608.5,612.5,16900
COMP70,2026-02-28,612.0,617.0,609.0,613.0,16900
COMP70,2026-03-01,612.5,617.5,609.5,613.5,16900
COMP71,2026-01-01,590.0,595.0,587.0,591.0,17000
COMP71,2026-01-02,590.5,595.5,587.5,591.5,17000
COMP71,2026-01-03,591.0,596.0,588.0,592.0,17000
COMP71,2026-01-04,591.5,596.5,588.5,592.5,17000
COMP71,2026-01-05,592.0,597.0,589.0,593.0,17000
COMP71,2026-01-06,592.5,597.5,589.5,593.5,17000
COMP71,2026-01-07,593.0,598.0,590.0,594.0,17000
COMP71,2026-01-08,593.5,598.5,590.5,594.5,17000
COMP71,2026-01-09,594.0,599.0,591.0,595.0,17000
COMP71,2026-01-10,594.5,599.5,591.5,595.5,17000
COMP71,2026-01-11,595.0,600.0,592.0,596.0,17000
COMP71,2026-01-12,595.5,600.5,592.5,596.5,17000
COMP71,2026-01-13,596.0,601.0,593.0,597.0,17000
COMP71,2026-01-14,596.5,601.5,593.5,597.5,17000
COMP71,2026-01-15,597.0,602.0,594.0,598.0,17000
COMP71,2026-01-16,597.5,602.5,594.5,598.5,17000
COMP71,2026-01-17,598.0,603.0,595.0,599.0,17000
COMP71,2026-01-18,598.5,603.5,595.5,599.5,17000
COMP71,2026-01-19,599.0,604.0,596.0,600.0,17000
COMP71,2026-01-20,599.5,604.5,596.5,600.5,17000
COMP71,2026-01-21,600.0,605.0,597.0,601.0,17000
COMP71,2026-01-22,600.5,605.5,597.5,601.5,17000
COMP71,2026-01-23,601.0,606.0,598.0,602.0,17000
COMP71,2026-01-24,601.5,606.5,598.5,602.5,17000
COMP71,2026-01-25,602.0,607.0,599.0,603.0,17000
COMP71,2026-01-26,602.5,607.5,599.5,603.5,17000
COMP71,2026-01-27,603.0,608.0,600.0,604.0,17000
COMP71,2026-01-28,603.5,608.5,600.5,604.5,17000
COMP71,2026-01-29,604.0,609.0,601.0,605.0,17000
COMP71,2026-01-30,604.5,609.5,601.5,605.5,17000
COMP71,2026-01-31,605.0,610.0,602.0,606.0,17000
COMP71,2026-02-01,605.5,610.5,602.5,606.5,17000
COMP71,2026-02-02,606.0,611.0,603.0,607.0,17000
COMP71,2026-02-03,606.5,611.5,603.5,607.5,17000
COMP71,2026-02-04,607.0,612.0,604.0,608.0,17000
COMP71,2026-02-05,607.5,612.5,604.5,608.5,17000
COMP71,2026-02-06,608.0,613.0,605.0,609.0,17000
COMP71,2026-02-07,608.5,613.5,605.5,609.5,17000
COMP71,2026-02-08,609.0,614.0,606.0,610.0,17000
COMP71,2026-02-09,609.5,614.5,606.5,610.5,17000
COMP71,2026-02-10,610.0,615.0,607.0,611.0,17000
COMP71,2026-02-11,610.5,615.5,607.5,611.5,17000
COMP71,2026-02-12,611.0,616.0,608.0,612.0,17000
COMP71,2026-02-13,611.5,616.5,608.5,612.5,17000
COMP71,2026-02-14,612.0,617.0,609.0,613.0,17000
COMP71,2026-02-15,612.5,617.5,609.5,613.5,17000
COMP71,2026-02-16,613.0,618.0,610.0,614.0,17000
COMP71,2026-02-17,613.5,618.5,610.5,614.5,17000
COMP71,2026-02-18,614.0,619.0,611.0,615.0,17000
COMP71,2026-02-19,614.5,619.5,611.5,615.5,17000
COMP71,2026-02-20,615.0,620.0,612.0,616.0,17000
COMP71,2026-02-21,615.5,620.5,612.5,616.5,17000
COMP71,2026-02-22,616.0,621.0,613.0,617.0,17000
COMP71,2026-02-23,616.5,621.5,613.5,617.5,17000
COMP71,2026-02-24,617.0,622.0,614.0,618.0,17000
COMP71,2026-02-25,617.5,622.5,614.5,618.5,17000
COMP71,2026-02-26,618.0,623.0,615.0,619.0,17000
COMP71,2026-02-27,618.5,623.5,615.5,619.5,17000
COMP71,2026-02-28,619.0,624.0,616.0,620.0,17000
COMP71,2026-03-01,619.5,624.5,616.5,620.5,17000
COMP72,2026-01-01,597.0,602.0,594.0,598.0,17100
COMP72,2026-01-02,597.5,602.5,594.5,598.5,17100
COMP72,2026-01-03,598.0,603.0,595.0,599.0,17100
COMP72,2026-01-04,598.5,603.5,595.5,599.5,17100
COMP72,2026-01-05,599.0,604.0,596.0,600.0,17100
COMP72,2026-01-06,599.5,604.5,596.5,600.5,17100
COMP72,2026-01-07,600.0,605.0,597.0,601.0,17100
COMP72,2026-01-08,600.5,605.5,597.5,601.5,17100
COMP72,2026-01-09,601.0,606.0,598.0,602.0,17100
COMP72,2026-01-10,601.5,606.5,598.5,602.5,17100
COMP72,2026-01-11,602.0,607.0,599.0,603.0,17100
COMP72,2026-01-12,602.5,607.5,599.5,603.5,17100
COMP72,2026-01-13,603.0,608.0,600.0,604.0,17100
COMP72,2026-01-14,603.5,608.5,600.5,604.5,17100
COMP72,2026-01-15,604.0,609.0,601.0,605.0,17100
COMP72,2026-01-16,604.5,609.5,601.5,605.5,17100
COMP72,2026-01-17,605.0,610.0,602.0,606.0,17100
COMP72,2026-01-18,605.5,610.5,602.5,606.5,17100
COMP72,2026-01-19,606.0,611.0,603.0,607.0,17100
COMP72,2026-01-20,606.5,611.5,603.5,607.5,17100
COMP72,2026-01-21,607.0,612.0,604.0,608.0,17100
COMP72,2026-01-22,607.5,612.5,604.5,608.5,17100
COMP72,2026-01-23,608.0,613.0,605.0,609.0,17100
COMP72,2026-01-24,608.5,613.5,605.5,609.5,17100
COMP72,2026-01-25,609.0,614.0,606.0,610.0,17100
COMP72,2026-01-26,609.5,614.5,606.5,610.5,17100
COMP72,2026-01-27,610.0,615.0,607.0,611.0,17100
COMP72,2026-01-28,610.5,615.5,607.5,611.5,17100
COMP72,2026-01-29,611.0,616.0,608.0,612.0,17100
COMP72,2026-01-30,611.5,616.5,608.5,612.5,17100
COMP72,2026-01-31,612.0,617.0,609.0,613.0,17100
COMP72,2026-02-01,612.5,617.5,609.5,613.5,17100
COMP72,2026-02-02,613.0,618.0,610.0,614.0,17100
COMP72,2026-02-03,613.5,618.5,610.5,614.5,17100
COMP72,2026-02-04,614.0,619.0,611.0,615.0,17100
COMP72,2026-02-05,614.5,619.5,611.5,615.5,17100
COMP72,2026-02-06,615.0,620.0,612.0,616.0,17100
COMP72,2026-02-07,615.5,620.5,612.5,616.5,17100
COMP72,2026-02-08,616.0,621.0,613.0,617.0,17100
COMP72,2026-02-09,616.5,621.5,613.5,617.5,17100
COMP72,2026-02-10,617.0,622.0,614.0,618.0,17100
COMP72,2026-02-11,617.5,622.5,614.5,618.5,17100
COMP72,2026-02-12,618.0,623.0,615.0,619.0,17100
COMP72,2026-02-13,618.5,623.5,615.5,619.5,17100
COMP72,2026-02-14,619.0,624.0,616.0,620.0,17100
COMP72,2026-02-15,619.5,624.5,616.5,620.5,17100
COMP72,2026-02-16,620.0,625.0,617.0,621.0,17100
COMP72,2026-02-17,620.5,625.5,617.5,621.5,17100
COMP72,2026-02-18,621.0,626.0,618.0,622.0,17100
COMP72,2026-02-19,621.5,626.5,618.5,622.5,17100
COMP72,2026-02-20,622.0,627.0,619.0,623.0,17100
COMP72,2026-02-21,622.5,627.5,619.5,623.5,17100
COMP72,2026-02-22,623.0,628.0,620.0,624.0,17100
COMP72,2026-02-23,623.5,628.5,620.5,624.5,17100
COMP72,2026-02-24,624.0,629.0,621.0,625.0,17100
COMP72,2026-02-25,624.5,629.5,621.5,625.5,17100
COMP72,2026-02-26,625.0,630.0,622.0,626.0,17100
COMP72,2026-02-27,625.5,630.5,622.5,626.5,17100
COMP72,2026-02-28,626.0,631.0,623.0,627.0,17100
COMP72,2026-03-01,626.5,631.5,623.5,627.5,17100
COMP73,2026-01-01,604.0,609.0,601.0,605.0,17200
COMP73,2026-01-02,604.5,609.5,601.5,605.5,17200
COMP73,2026-01-03,605.0,610.0,602.0,606.0,17200
COMP73,2026-01-04,605.5,610.5,602.5,606.5,17200
COMP73,2026-01-05,606.0,611.0,603.0,607.0,17200
COMP73,2026-01-06,606.5,611.5,603.5,607.5,17200
COMP73,2026-01-07,607.0,612.0,604.0,608.0,17200
COMP73,2026-01-08,607.5,612.5,604.5,608.5,17200
COMP73,2026-01-09,608.0,613.0,605.0,609.0,17200
COMP73,2026-01-10,608.5,613.5,605.5,609.5,17200
COMP73,2026-01-11,609.0,614.0,606.0,610.0,17200
COMP73,2026-01-12,609.5,614.5,606.5,610.5,17200
COMP73,2026-01-13,610.0,615.0,607.0,611.0,17200
COMP73,2026-01-14,610.5,615.5,607.5,611.5,17200
COMP73,2026-01-15,611.0,616.0,608.0,612.0,17200
COMP73,2026-01-16,611.5,616.5,608.5,612.5,17200
COMP73,2026-01-17,612.0,617.0,609.0,613.0,17200
COMP73,2026-01-18,612.5,617.5,609.5,613.5,17200
COMP73,2026-01-19,613.0,618.0,610.0,614.0,17200
COMP73,2026-01-20,613.5,618.5,610.5,614.5,17200
COMP73,2026-01-21,614.0,619.0,611.0,615.0,17200
COMP73,2026-01-22,614.5,619.5,611.5,615.5,17200
COMP73,2026-01-23,615.0,620.0,612.0,616.0,17200
COMP73,2026-01-24,615.5,620.5,612.5,616.5,17200
COMP73,2026-01-25,616.0,621.0,613.0,617.0,17200
COMP73,2026-01-26,616.5,621.5,613.5,617.5,17200
COMP73,2026-01-27,617.0,622.0,614.0,618.0,17200
COMP73,2026-01-28,617.5,622.5,614.5,618.5,17200
COMP73,2026-01-29,618.0,623.0,615.0,619.0,17200
COMP73,2026-01-30,618.5,623.5,615.5,619.5,17200
COMP73,2026-01-31,619.0,624.0,616.0,620.0,17200
COMP73,2026-02-01,619.5,624.5,616.5,620.5,17200
COMP73,2026-02-02,620.0,625.0,617.0,621.0,17200
COMP73,2026-02-03,620.5,625.5,617.5,621.5,17200
COMP73,2026-02-04,621.0,626.0,618.0,622.0,17200
COMP73,2026-02-05,621.5,626.5,618.5,622.5,17200
COMP73,2026-02-06,622.0,627.0,619.0,623.0,17200
COMP73,2026-02-07,622.5,627.5,619.5,623.5,17200
COMP73,2026-02-08,623.0,628.0,620.0,624.0,17200
COMP73,2026-02-09,623.5,628.5,620.5,624.5,17200
COMP73,2026-02-10,624.0,629.0,621.0,625.0,17200
COMP73,2026-02-11,624.5,629.5,621.5,625.5,17200
COMP73,2026-02-12,625.0,630.0,622.0,626.0,17200
COMP73,2026-02-13,625.5,630.5,622.5,626.5,17200
COMP73,2026-02-14,626.0,631.0,623.0,627.0,17200
COMP73,2026-02-15,626.5,631.5,623.5,627.5,17200
COMP73,2026-02-16,627.0,632.0,624.0,628.0,17200
COMP73,2026-02-17,627.5,632.5,624.5,628.5,17200
COMP73,2026-02-18,628.0,633.0,625.0,629.0,17200
COMP73,2026-02-19,628.5,633.5,625.5,629.5,17200
COMP73,2026-02-20,629.0,634.0,626.0,630.0,17200
COMP73,2026-02-21,629.5,634.5,626.5,630.5,17200
COMP73,2026-02-22,630.0,635.0,627.0,631.0,17200
COMP73,2026-02-23,630.5,635.5,627.5,631.5,17200
COMP73,2026-02-24,631.0,636.0,628.0,632.0,17200
COMP73,2026-02-25,631.5,636.5,628.5,632.5,17200
COMP73,2026-02-26,632.0,637.0,629.0,633.0,17200
COMP73,2026-02-27,632.5,637.5,629.5,633.5,17200
COMP73,2026-02-28,633.0,638.0,630.0,634.0,17200
COMP73,2026-03-01,633.5,638.5,630.5,634.5,17200
COMP74,2026-01-01,611.0,616.0,608.0,612.0,17300
COMP74,2026-01-02,611.5,616.5,608.5,612.5,17300
COMP74,2026-01-03,612.0,617.0,609.0,613.0,17300
COMP74,2026-01-04,612.5,617.5,609.5,613.5,17300
COMP74,2026-01-05,613.0,618.0,610.0,614.0,17300
COMP74,2026-01-06,613.5,618.5,610.5,614.5,17300
COMP74,2026-01-07,614.0,619.0,611.0,615.0,17300
COMP74,2026-01-08,614.5,619.5,611.5,615.5,17300
COMP74,2026-01-09,615.0,620.0,612.0,616.0,17300
COMP74,2026-01-10,615.5,620.5,612.5,616.5,17300
COMP74,2026-01-11,616.0,621.0,613.0,617.0,17300
COMP74,2026-01-12,616.5,621.5,613.5,617.5,17300
COMP74,2026-01-13,617.0,622.0,614.0,618.0,17300
COMP74,2026-01-14,617.5,622.5,614.5,618.5,17300
COMP74,2026-01-15,618.0,623.0,615.0,619.0,17300
COMP74,2026-01-16,618.5,623.5,615.5,619.5,17300
COMP74,2026-01-17,619.0,624.0,616.0,620.0,17300
COMP74,2026-01-18,619.5,624.5,616.5,620.5,17300
COMP74,2026-01-19,620.0,625.0,617.0,621.0,17300
COMP74,2026-01-20,620.5,625.5,617.5,621.5,17300
COMP74,2026-01-21,621.0,626.0,618.0,622.0,17300
COMP74,2026-01-22,621.5,626.5,618.5,622.5,17300
COMP74,2026-01-23,622.0,627.0,619.0,623.0,17300
COMP74,2026-01-24,622.5,627.5,619.5,623.5,17300
COMP74,2026-01-25,623.0,628.0,620.0,624.0,17300
COMP74,2026-01-26,623.5,628.5,620.5,624.5,17300
COMP74,2026-01-27,624.0,629.0,621.0,625.0,17300
COMP74,2026-01-28,624.5,629.5,621.5,625.5,17300
COMP74,2026-01-29,625.0,630.0,622.0,626.0,17300
COMP74,2026-01-30,625.5,630.5,622.5,626.5,17300
COMP74,2026-01-31,626.0,631.0,623.0,627.0,17300
COMP74,2026-02-01,626.5,631.5,623.5,627.5,17300
COMP74,2026-02-02,627.0,632.0,624.0,628.0,17300
COMP74,2026-02-03,627.5,632.5,624.5,628.5,17300
COMP74,2026-02-04,628.0,633.0,625.0,629.0,17300
COMP74,2026-02-05,628.5,633.5,625.5,629.5,17300
COMP74,2026-02-06,629.0,634.0,626.0,630.0,17300
COMP74,2026-02-07,629.5,634.5,626.5,630.5,17300
COMP74,2026-02-08,630.0,635.0,627.0,631.0,17300
COMP74,2026-02-09,630.5,635.5,627.5,631.5,17300
COMP74,2026-02-10,631.0,636.0,628.0,632.0,17300
COMP74,2026-02-11,631.5,636.5,628.5,632.5,17300
COMP74,2026-02-12,632.0,637.0,629.0,633.0,17300
COMP74,2026-02-13,632.5,637.5,629.5,633.5,17300
COMP74,2026-02-14,633.0,638.0,630.0,634.0,17300
COMP74,2026-02-15,633.5,638.5,630.5,634.5,17300
COMP74,2026-02-16,634.0,639.0,631.0,635.0,17300
COMP74,2026-02-17,634.5,639.5,631.5,635.5,17300
COMP74,2026-02-18,635.0,640.0,632.0,636.0,17300
COMP74,2026-02-19,635.5,640.5,632.5,636.5,17300
COMP74,2026-02-20,636.0,641.0,633.0,637.0,17300
COMP74,2026-02-21,636.5,641.5,633.5,637.5,17300
COMP74,2026-02-22,637.0,642.0,634.0,638.0,17300
COMP74,2026-02-23,637.5,642.5,634.5,638.5,17300
COMP74,2026-02-24,638.0,643.0,635.0,639.0,17300
COMP74,2026-02-25,638.5,643.5,635.5,639.5,17300
COMP74,2026-02-26,639.0,644.0,636.0,640.0,17300
COMP74,2026-02-27,639.5,644.5,636.5,640.5,17300
COMP74,2026-02-28,640.0,645.0,637.0,641.0,17300
COMP74,2026-03-01,640.5,645.5,637.5,641.5,17300
COMP75,2026-01-01,618.0,623.0,615.0,619.0,17400
COMP75,2026-01-02,618.5,623.5,615.5,619.5,17400
COMP75,2026-01-03,619.0,624.0,616.0,620.0,17400
COMP75,2026-01-04,619.5,624.5,616.5,620.5,17400
COMP75,2026-01-05,620.0,625.0,617.0,621.0,17400
COMP75,2026-01-06,620.5,625.5,617.5,621.5,17400
COMP75,2026-01-07,621.0,626.0,618.0,622.0,17400
COMP75,2026-01-08,621.5,626.5,618.5,622.5,17400
COMP75,2026-01-09,622.0,627.0,619.0,623.0,17400
COMP75,2026-01-10,622.5,627.5,619.5,623.5,17400
COMP75,2026-01-11,623.0,628.0,620.0,624.0,17400
COMP75,2026-01-12,623.5,628.5,620.5,624.5,17400
COMP75,2026-01-13,624.0,629.0,621.0,625.0,17400
COMP75,2026-01-14,624.5,629.5,621.5,625.5,17400
COMP75,2026-01-15,625.0,630.0,622.0,626.0,17400
COMP75,2026-01-16,625.5,630.5,622.5,626.5,17400
COMP75,2026-01-17,626.0,631.0,623.0,627.0,17400
COMP75,2026-01-18,626.5,631.5,623.5,627.5,17400
COMP75,2026-01-19,627.0,632.0,624.0,628.0,17400
COMP75,2026-01-20,627.5,632.5,624.5,628.5,17400
COMP75,2026-01-21,628.0,633.0,625.0,629.0,17400
COMP75,2026-01-22,628.5,633.5,625.5,629.5,17400
COMP75,2026-01-23,629.0,634.0,626.0,630.0,17400
COMP75,2026-01-24,629.5,634.5,626.5,630.5,17400
COMP75,2026-01-25,630.0,635.0,627.0,631.0,17400
COMP75,2026-01-26,630.5,635.5,627.5,631.5,17400
COMP75,2026-01-27,631.0,636.0,628.0,632.0,17400
COMP75,2026-01-28,631.5,636.5,628.5,632.5,17400
COMP75,2026-01-29,632.0,637.0,629.0,633.0,17400
COMP75,2026-01-30,632.5,637.5,629.5,633.5,17400
COMP75,2026-01-31,633.0,638.0,630.0,634.0,17400
COMP75,2026-02-01,633.5,638.5,630.5,634.5,17400
COMP75,2026-02-02,634.0,639.0,631.0,635.0,17400
COMP75,2026-02-03,634.5,639.5,631.5,635.5,17400
COMP75,2026-02-04,635.0,640.0,632.0,636.0,17400
COMP75,2026-02-05,635.5,640.5,632.5,636.5,17400
COMP75,2026-02-06,636.0,641.0,633.0,637.0,17400
COMP75,2026-02-07,636.5,641.5,633.5,637.5,17400
COMP75,2026-02-08,637.0,642.0,634.0,638.0,17400
COMP75,2026-02-09,637.5,642.5,634.5,638.5,17400
COMP75,2026-02-10,638.0,643.0,635.0,639.0,17400
COMP75,2026-02-11,638.5,643.5,635.5,639.5,17400
COMP75,2026-02-12,639.0,644.0,636.0,640.0,17400
COMP75,2026-02-13,639.5,644.5,636.5,640.5,17400
COMP75,2026-02-14,640.0,645.0,637.0,641.0,17400
COMP75,2026-02-15,640.5,645.5,637.5,641.5,17400
COMP75,2026-02-16,641.0,646.0,638.0,642.0,17400
COMP75,2026-02-17,641.5,646.5,638.5,642.5,17400
COMP75,2026-02-18,642.0,647.0,639.0,643.0,17400
COMP75,2026-02-19,642.5,647.5,639.5,643.5,17400
COMP75,2026-02-20,643.0,648.0,640.0,644.0,17400
COMP75,2026-02-21,643.5,648.5,640.5,644.5,17400
COMP75,2026-02-22,644.0,649.0,641.0,645.0,17400
COMP75,2026-02-23,644.5,649.5,641.5,645.5,17400
COMP75,2026-02-24,645.0,650.0,642.0,646.0,17400
COMP75,2026-02-25,645.5,650.5,642.5,646.5,17400
COMP75,2026-02-26,646.0,651.0,643.0,647.0,17400
COMP75,2026-02-27,646.5,651.5,643.5,647.5,17400
COMP75,2026-02-28,647.0,652.0,644.0,648.0,17400
COMP75,2026-03-01,647.5,652.5,644.5,648.5,17400
COMP76,2026-01-01,625.0,630.0,622.0,626.0,17500
COMP76,2026-01-02,625.5,630.5,622.5,626.5,17500
COMP76,2026-01-03,626.0,631.0,623.0,627.0,17500
COMP76,2026-01-04,626.5,631.5,623.5,627.5,17500
COMP76,2026-01-05,627.0,632.0,624.0,628.0,17500
COMP76,2026-01-06,627.5,632.5,624.5,628.5,17500
COMP76,2026-01-07,628.0,633.0,625.0,629.0,17500
COMP76,2026-01-08,628.5,633.5,625.5,629.5,17500
COMP76,2026-01-09,629.0,634.0,626.0,630.0,17500
COMP76,2026-01-10,629.5,634.5,626.5,630.5,17500
COMP76,2026-01-11,630.0,635.0,627.0,631.0,17500
COMP76,2026-01-12,630.5,635.5,627.5,631.5,17500
COMP76,2026-01-13,631.0,636.0,628.0,632.0,17500
COMP76,2026-01-14,631.5,636.5,628.5,632.5,17500
COMP76,2026-01-15,632.0,637.0,629.0,633.0,17500
COMP76,2026-01-16,632.5,637.5,629.5,633.5,17500
COMP76,2026-01-17,633.0,638.0,630.0,634.0,17500
COMP76,2026-01-18,633.5,638.5,630.5,634.5,17500
COMP76,2026-01-19,634.0,639.0,631.0,635.0,17500
COMP76,2026-01-20,634.5,639.5,631.5,635.5,17500
COMP76,2026-01-21,635.0,640.0,632.0,636.0,17500
COMP76,2026-01-22,635.5,640.5,632.5,636.5,17500
COMP76,2026-01-23,636.0,641.0,633.0,637.0,17500
COMP76,2026-01-24,636.5,641.5,633.5,637.5,17500
COMP76,2026-01-25,637.0,642.0,634.0,638.0,17500
COMP76,2026-01-26,637.5,642.5,634.5,638.5,17500
COMP76,2026-01-27,638.0,643.0,635.0,639.0,17500
COMP76,2026-01-28,638.5,643.5,635.5,639.5,17500
COMP76,2026-01-29,639.0,644.0,636.0,640.0,17500
COMP76,2026-01-30,639.5,644.5,636.5,640.5,17500
COMP76,2026-01-31,640.0,645.0,637.0,641.0,17500
COMP76,2026-02-01,640.5,645.5,637.5,641.5,17500
COMP76,2026-02-02,641.0,646.0,638.0,642.0,17500
COMP76,2026-02-03,641.5,646.5,638.5,642.5,17500
COMP76,2026-02-04,642.0,647.0,639.0,643.0,17500
COMP76,2026-02-05,642.5,647.5,639.5,643.5,17500
COMP76,2026-02-06,643.0,648.0,640.0,644.0,17500
COMP76,2026-02-07,643.5,648.5,640.5,644.5,17500
COMP76,2026-02-08,644.0,649.0,641.0,645.0,17500
COMP76,2026-02-09,644.5,649.5,641.5,645.5,17500
COMP76,2026-02-10,645.0,650.0,642.0,646.0,17500
COMP76,2026-02-11,645.5,650.5,642.5,646.5,17500
COMP76,2026-02-12,646.0,651.0,643.0,647.0,17500
COMP76,2026-02-13,646.5,651.5,643.5,647.5,17500
COMP76,2026-02-14,647.0,652.0,644.0,648.0,17500
COMP76,2026-02-15,647.5,652.5,644.5,648.5,17500
COMP76,2026-02-16,648.0,653.0,645.0,649.0,17500
COMP76,2026-02-17,648.5,653.5,645.5,649.5,17500
COMP76,2026-02-18,649.0,654.0,646.0,650.0,17500
COMP76,2026-02-19,649.5,654.5,646.5,650.5,17500
COMP76,2026-02-20,650.0,655.0,647.0,651.0,17500
COMP76,2026-02-21,650.5,655.5,647.5,651.5,17500
COMP76,2026-02-22,651.0,656.0,648.0,652.0,17500
COMP76,2026-02-23,651.5,656.5,648.5,652.5,17500
COMP76,2026-02-24,652.0,657.0,649.0,653.0,17500
COMP76,2026-02-25,652.5,657.5,649.5,653.5,17500
COMP76,2026-02-26,653.0,658.0,650.0,654.0,17500
COMP76,2026-02-27,653.5,658.5,650.5,654.5,17500
COMP76,2026-02-28,654.0,659.0,651.0,655.0,17500
COMP76,2026-03-01,654.5,659.5,651.5,655.5,17500
COMP77,2026-01-01,632.0,637.0,629.0,633.0,17600
COMP77,2026-01-02,632.5,637.5,629.5,633.5,17600
COMP77,2026-01-03,633.0,638.0,630.0,634.0,17600
COMP77,2026-01-04,633.5,638.5,630.5,634.5,17600
COMP77,2026-01-05,634.0,639.0,631.0,635.0,17600
COMP77,2026-01-06,634.5,639.5,631.5,635.5,17600
COMP77,2026-01-07,635.0,640.0,632.0,636.0,17600
COMP77,2026-01-08,635.5,640.5,632.5,636.5,17600
COMP77,2026-01-09,636.0,641.0,633.0,637.0,17600
COMP77,2026-01-10,636.5,641.5,633.5,637.5,17600
COMP77,2026-01-11,637.0,642.0,634.0,638.0,17600
COMP77,2026-01-12,637.5,642.5,634.5,638.5,17600
COMP77,2026-01-13,638.0,643.0,635.0,639.0,17600
COMP77,2026-01-14,638.5,643.5,635.5,639.5,17600
COMP77,2026-01-15,639.0,644.0,636.0,640.0,17600
COMP77,2026-01-16,639.5,644.5,636.5,640.5,17600
COMP77,2026-01-17,640.0,645.0,637.0,641.0,17600
COMP77,2026-01-18,640.5,645.5,637.5,641.5,17600
COMP77,2026-01-19,641.0,646.0,638.0,642.0,17600
COMP77,2026-01-20,641.5,646.5,638.5,642.5,17600
COMP77,2026-01-21,642.0,647.0,639.0,643.0,17600
COMP77,2026-01-22,642.5,647.5,639.5,643.5,17600
COMP77,2026-01-23,643.0,648.0,640.0,644.0,17600
COMP77,2026-01-24,643.5,648.5,640.5,644.5,17600
COMP77,2026-01-25,644.0,649.0,641.0,645.0,17600
COMP77,2026-01-26,644.5,649.5,641.5,645.5,17600
COMP77,2026-01-27,645.0,650.0,642.0,646.0,17600
COMP77,2026-01-28,645.5,650.5,642.5,646.5,17600
COMP77,2026-01-29,646.0,651.0,643.0,647.0,17600
COMP77,2026-01-30,646.5,651.5,643.5,647.5,17600
COMP77,2026-01-31,647.0,652.0,644.0,648.0,17600
COMP77,2026-02-01,647.5,652.5,644.5,648.5,17600
COMP77,2026-02-02,648.0,653.0,645.0,649.0,17600
COMP77,2026-02-03,648.5,653.5,645.5,649.5,17600
COMP77,2026-02-04,649.0,654.0,646.0,650.0,17600
COMP77,2026-02-05,649.5,654.5,646.5,650.5,17600
COMP77,2026-02-06,650.0,655.0,647.0,651.0,17600
COMP77,2026-02-07,650.5,655.5,647.5,651.5,17600
COMP77,2026-02-08,651.0,656.0,648.0,652.0,17600
COMP77,2026-02-09,651.5,656.5,648.5,652.5,17600
COMP77,2026-02-10,652.0,657.0,649.0,653.0,17600
COMP77,2026-02-11,652.5,657.5,649.5,653.5,17600
COMP77,2026-02-12,653.0,658.0,650.0,654.0,17600
COMP77,2026-02-13,653.5,658.5,650.5,654.5,17600
COMP77,2026-02-14,654.0,659.0,651.0,655.0,17600
COMP77,2026-02-15,654.5,659.5,651.5,655.5,17600
COMP77,2026-02-16,655.0,660.0,652.0,656.0,17600
COMP77,2026-02-17,655.5,660.5,652.5,656.5,17600
COMP77,2026-02-18,656.0,661.0,653.0,657.0,17600
COMP77,2026-02-19,656.5,661.5,653.5,657.5,17600
COMP77,2026-02-20,657.0,662.0,654.0,658.0,17600
COMP77,2026-02-21,657.5,662.5,654.5,658.5,17600
COMP77,2026-02-22,658.0,663.0,655.0,659.0,17600
COMP77,2026-02-23,658.5,663.5,655.5,659.5,17600
COMP77,2026-02-24,659.0,664.0,656.0,660.0,17600
COMP77,2026-02-25,659.5,664.5,656.5,660.5,17600
COMP77,2026-02-26,660.0,665.0,657.0,661.0,17600
COMP77,2026-02-27,660.5,665.5,657.5,661.5,17600
COMP77,2026-02-28,661.0,666.0,658.0,662.0,17600
COMP77,2026-03-01,661.5,666.5,658.5,662.5,17600
COMP78,2026-01-01,639.0,644.0,636.0,640.0,17700
COMP78,2026-01-02,639.5,644.5,636.5,640.5,17700
COMP78,2026-01-03,640.0,645.0,637.0,641.0,17700
COMP78,2026-01-04,640.5,645.5,637.5,641.5,17700
COMP78,2026-01-05,641.0,646.0,638.0,642.0,17700
COMP78,2026-01-06,641.5,646.5,638.5,642.5,17700
COMP78,2026-01-07,642.0,647.0,639.0,643.0,17700
COMP78,2026-01-08,642.5,647.5,639.5,643.5,17700
COMP78,2026-01-09,643.0,648.0,640.0,644.0,17700
COMP78,2026-01-10,643.5,648.5,640.5,644.5,17700
COMP78,2026-01-11,644.0,649.0,641.0,645.0,17700
COMP78,2026-01-12,644.5,649.5,641.5,645.5,17700
COMP78,2026-01-13,645.0,650.0,642.0,646.0,17700
COMP78,2026-01-14,645.5,650.5,642.5,646.5,17700
COMP78,2026-01-15,646.0,651.0,643.0,647.0,17700
COMP78,2026-01-16,646.5,651.5,643.5,647.5,17700
COMP78,2026-01-17,647.0,652.0,644.0,648.0,17700
COMP78,2026-01-18,647.5,652.5,644.5,648.5,17700
COMP78,2026-01-19,648.0,653.0,645.0,649.0,17700
COMP78,2026-01-20,648.5,653.5,645.5,649.5,17700
COMP78,2026-01-21,649.0,654.0,646.0,650.0,17700
COMP78,2026-01-22,649.5,654.5,646.5,650.5,17700
COMP78,2026-01-23,650.0,655.0,647.0,651.0,17700
COMP78,2026-01-24,650.5,655.5,647.5,651.5,17700
COMP78,2026-01-25,651.0,656.0,648.0,652.0,17700
COMP78,2026-01-26,651.5,656.5,648.5,652.5,17700
COMP78,2026-01-27,652.0,657.0,649.0,653.0,17700
COMP78,2026-01-28,652.5,657.5,649.5,653.5,17700
COMP78,2026-01-29,653.0,658.0,650.0,654.0,17700
COMP78,2026-01-30,653.5,658.5,650.5,654.5,17700
COMP78,2026-01-31,654.0,659.0,651.0,655.0,17700
COMP78,2026-02-01,654.5,659.5,651.5,655.5,17700
COMP78,2026-02-02,655.0,660.0,652.0,656.0,17700
COMP78,2026-02-03,655.5,660.5,652.5,656.5,17700
COMP78,2026-02-04,656.0,661.0,653.0,657.0,17700
COMP78,2026-02-05,656.5,661.5,653.5,657.5,17700
COMP78,2026-02-06,657.0,662.0,654.0,658.0,17700
COMP78,2026-02-07,657.5,662.5,654.5,658.5,17700
COMP78,2026-02-08,658.0,663.0,655.0,659.0,17700
COMP78,2026-02-09,658.5,663.5,655.5,659.5,17700
COMP78,2026-02-10,659.0,664.0,656.0,660.0,17700
COMP78,2026-02-11,659.5,664.5,656.5,660.5,17700
COMP78,2026-02-12,660.0,665.0,657.0,661.0,17700
COMP78,2026-02-13,660.5,665.5,657.5,661.5,17700
COMP78,2026-02-14,661.0,666.0,658.0,662.0,17700
COMP78,2026-02-15,661.5,666.5,658.5,662.5,17700
COMP78,2026-02-16,662.0,667.0,659.0,663.0,17700
COMP78,2026-02-17,662.5,667.5,659.5,663.5,17700
COMP78,2026-02-18,663.0,668.0,660.0,664.0,17700
COMP78,2026-02-19,663.5,668.5,660.5,664.5,17700
COMP78,2026-02-20,664.0,669.0,661.0,665.0,17700
COMP78,2026-02-21,664.5,669.5,661.5,665.5,17700
COMP78,2026-02-22,665.0,670.0,662.0,666.0,17700
COMP78,2026-02-23,665.5,670.5,662.5,666.5,17700
COMP78,2026-02-24,666.0,671.0,663.0,667.0,17700
COMP78,2026-02-25,666.5,671.5,663.5,667.5,17700
COMP78,2026-02-26,667.0,672.0,664.0,668.0,17700
COMP78,2026-02-27,667.5,672.5,664.5,668.5,17700
COMP78,2026-02-28,668.0,673.0,665.0,669.0,17700
COMP78,2026-03-01,668.5,673.5,665.5,669.5,17700
COMP79,2026-01-01,646.0,651.0,643.0,647.0,17800
COMP79,2026-01-02,646.5,651.5,643.5,647.5,17800
COMP79,2026-01-03,647.0,652.0,644.0,648.0,17800
COMP79,2026-01-04,647.5,652.5,644.5,648.5,17800
COMP79,2026-01-05,648.0,653.0,645.0,649.0,17800
COMP79,2026-01-06,648.5,653.5,645.5,649.5,17800
COMP79,2026-01-07,649.0,654.0,646.0,650.0,17800
COMP79,2026-01-08,649.5,654.5,646.5,650.5,17800
COMP79,2026-01-09,650.0,655.0,647.0,651.0,17800
COMP79,2026-01-10,650.5,655.5,647.5,651.5,17800
COMP79,2026-01-11,651.0,656.0,648.0,652.0,17800
COMP79,2026-01-12,651.5,656.5,648.5,652.5,17800
COMP79,2026-01-13,652.0,657.0,649.0,653.0,17800
COMP79,2026-01-14,652.5,657.5,649.5,653.5,17800
COMP79,2026-01-15,653.0,658.0,650.0,654.0,17800
COMP79,2026-01-16,653.5,658.5,650.5,654.5,17800
COMP79,2026-01-17,654.0,659.0,651.0,655.0,17800
COMP79,2026-01-18,654.5,659.5,651.5,655.5,17800
COMP79,2026-01-19,655.0,660.0,652.0,656.0,17800
COMP79,2026-01-20,655.5,660.5,652.5,656.5,17800
COMP79,2026-01-21,656.0,661.0,653.0,657.0,17800
COMP79,2026-01-22,656.5,661.5,653.5,657.5,17800
COMP79,2026-01-23,657.0,662.0,654.0,658.0,17800
COMP79,2026-01-24,657.5,662.5,654.5,658.5,17800
COMP79,2026-01-25,658.0,663.0,655.0,659.0,17800
COMP79,2026-01-26,658.5,663.5,655.5,659.5,17800
COMP79,2026-01-27,659.0,664.0,656.0,660.0,17800
COMP79,2026-01-28,659.5,664.5,656.5,660.5,17800
COMP79,2026-01-29,660.0,665.0,657.0,661.0,17800
COMP79,2026-01-30,660.5,665.5,657.5,661.5,17800
COMP79,2026-01-31,661.0,666.0,658.0,662.0,17800
COMP79,2026-02-01,661.5,666.5,658.5,662.5,17800
COMP79,2026-02-02,662.0,667.0,659.0,663.0,17800
COMP79,2026-02-03,662.5,667.5,659.5,663.5,17800
COMP79,2026-02-04,663.0,668.0,660.0,664.0,17800
COMP79,2026-02-05,663.5,668.5,660.5,664.5,17800
COMP79,2026-02-06,664.0,669.0,661.0,665.0,17800
COMP79,2026-02-07,664.5,669.5,661.5,665.5,17800
COMP79,2026-02-08,665.0,670.0,662.0,666.0,17800
COMP79,2026-02-09,665.5,670.5,662.5,666.5,17800
COMP79,2026-02-10,666.0,671.0,663.0,667.0,17800
COMP79,2026-02-11,666.5,671.5,663.5,667.5,17800
COMP79,2026-02-12,667.0,672.0,664.0,668.0,17800
COMP79,2026-02-13,667.5,672.5,664.5,668.5,17800
COMP79,2026-02-14,668.0,673.0,665.0,669.0,17800
COMP79,2026-02-15,668.5,673.5,665.5,669.5,17800
COMP79,2026-02-16,669.0,674.0,666.0,670.0,17800
COMP79,2026-02-17,669.5,674.5,666.5,670.5,17800
COMP79,2026-02-18,670.0,675.0,667.0,671.0,17800
COMP79,2026-02-19,670.5,675.5,667.5,671.5,17800
COMP79,2026-02-20,671.0,676.0,668.0,672.0,17800
COMP79,2026-02-21,671.5,676.5,668.5,672.5,17800
COMP79,2026-02-22,672.0,677.0,669.0,673.0,17800
COMP79,2026-02-23,672.5,677.5,669.5,673.5,17800
COMP79,2026-02-24,673.0,678.0,670.0,674.0,17800
COMP79,2026-02-25,673.5,678.5,670.5,674.5,17800
COMP79,2026-02-26,674.0,679.0,671.0,675.0,17800
COMP79,2026-02-27,674.5,679.5,671.5,675.5,17800
COMP79,2026-02-28,675.0,680.0,672.0,676.0,17800
COMP79,2026-03-01,675.5,680.5,672.5,676.5,17800
COMP80,2026-01-01,653.0,658.0,650.0,654.0,17900
COMP80,2026-01-02,653.5,658.5,650.5,654.5,17900
COMP80,2026-01-03,654.0,659.0,651.0,655.0,17900
COMP80,2026-01-04,654.5,659.5,651.5,655.5,17900
COMP80,2026-01-05,655.0,660.0,652.0,656.0,17900
COMP80,2026-01-06,655.5,660.5,652.5,656.5,17900
COMP80,2026-01-07,656.0,661.0,653.0,657.0,17900
COMP80,2026-01-08,656.5,661.5,653.5,657.5,17900
COMP80,2026-01-09,657.0,662.0,654.0,658.0,17900
COMP80,2026-01-10,657.5,662.5,654.5,658.5,17900
COMP80,2026-01-11,658.0,663.0,655.0,659.0,17900
COMP80,2026-01-12,658.5,663.5,655.5,659.5,17900
COMP80,2026-01-13,659.0,664.0,656.0,660.0,17900
COMP80,2026-01-14,659.5,664.5,656.5,660.5,17900
COMP80,2026-01-15,660.0,665.0,657.0,661.0,17900
COMP80,2026-01-16,660.5,665.5,657.5,661.5,17900
COMP80,2026-01-17,661.0,666.0,658.0,662.0,17900
COMP80,2026-01-18,661.5,666.5,658.5,662.5,17900
COMP80,2026-01-19,662.0,667.0,659.0,663.0,17900
COMP80,2026-01-20,662.5,667.5,659.5,663.5,17900
COMP80,2026-01-21,663.0,668.0,660.0,664.0,17900
COMP80,2026-01-22,663.5,668.5,660.5,664.5,17900
COMP80,2026-01-23,664.0,669.0,661.0,665.0,17900
COMP80,2026-01-24,664.5,669.5,661.5,665.5,17900
COMP80,2026-01-25,665.0,670.0,662.0,666.0,17900
COMP80,2026-01-26,665.5,670.5,662.5,666.5,17900
COMP80,2026-01-27,666.0,671.0,663.0,667.0,17900
COMP80,2026-01-28,666.5,671.5,663.5,667.5,17900
COMP80,2026-01-29,667.0,672.0,664.0,668.0,17900
COMP80,2026-01-30,667.5,672.5,664.5,668.5,17900
COMP80,2026-01-31,668.0,673.0,665.0,669.0,17900
COMP80,2026-02-01,668.5,673.5,665.5,669.5,17900
COMP80,2026-02-02,669.0,674.0,666.0,670.0,17900
COMP80,2026-02-03,669.5,674.5,666.5,670.5,17900
COMP80,2026-02-04,670.0,675.0,667.0,671.0,17900
COMP80,2026-02-05,670.5,675.5,667.5,671.5,17900
COMP80,2026-02-06,671.0,676.0,668.0,672.0,17900
COMP80,2026-02-07,671.5,676.5,668.5,672.5,17900
COMP80,2026-02-08,672.0,677.0,669.0,673.0,17900
COMP80,2026-02-09,672.5,677.5,669.5,673.5,17900
COMP80,2026-02-10,673.0,678.0,670.0,674.0,17900
COMP80,2026-02-11,673.5,678.5,670.5,674.5,17900
COMP80,2026-02-12,674.0,679.0,671.0,675.0,17900
COMP80,2026-02-13,674.5,679.5,671.5,675.5,17900
COMP80,2026-02-14,675.0,680.0,672.0,676.0,17900
COMP80,2026-02-15,675.5,680.5,672.5,676.5,17900
COMP80,2026-02-16,676.0,681.0,673.0,677.0,17900
COMP80,2026-02-17,676.5,681.5,673.5,677.5,17900
COMP80,2026-02-18,677.0,682.0,674.0,678.0,17900
COMP80,2026-02-19,677.5,682.5,674.5,678.5,17900
COMP80,2026-02-20,678.0,683.0,675.0,679.0,17900
COMP80,2026-02-21,678.5,683.5,675.5,679.5,17900
COMP80,2026-02-22,679.0,684.0,676.0,680.0,17900
COMP80,2026-02-23,679.5,684.5,676.5,680.5,17900
COMP80,2026-02-24,680.0,685.0,677.0,681.0,17900
COMP80,2026-02-25,680.5,685.5,677.5,681.5,17900
COMP80,2026-02-26,681.0,686.0,678.0,682.0,17900
COMP80,2026-02-27,681.5,686.5,678.5,682.5,17900
COMP80,2026-02-28,682.0,687.0,679.0,683.0,17900
COMP80,2026-03-01,682.5,687.5,679.5,683.5,17900
COMP81,2026-01-01,660.0,665.0,657.0,661.0,18000
COMP81,2026-01-02,660.5,665.5,657.5,661.5,18000
COMP81,2026-01-03,661.0,666.0,658.0,662.0,18000
COMP81,2026-01-04,661.5,666.5,658.5,662.5,18000
COMP81,2026-01-05,662.0,667.0,659.0,663.0,18000
COMP81,2026-01-06,662.5,667.5,659.5,663.5,18000
COMP81,2026-01-07,663.0,668.0,660.0,664.0,18000
COMP81,2026-01-08,663.5,668.5,660.5,664.5,18000
COMP81,2026-01-09,664.0,669.0,661.0,665.0,18000
COMP81,2026-01-10,664.5,669.5,661.5,665.5,18000
COMP81,2026-01-11,665.0,670.0,662.0,666.0,18000
COMP81,2026-01-12,665.5,670.5,662.5,666.5,18000
COMP81,2026-01-13,666.0,671.0,663.0,667.0,18000
COMP81,2026-01-14,666.5,671.5,663.5,667.5,18000
COMP81,2026-01-15,667.0,672.0,664.0,668.0,18000
COMP81,2026-01-16,667.5,672.5,664.5,668.5,18000
COMP81,2026-01-17,668.0,673.0,665.0,669.0,18000
COMP81,2026-01-18,668.5,673.5,665.5,669.5,18000
COMP81,2026-01-19,669.0,674.0,666.0,670.0,18000
COMP81,2026-01-20,669.5,674.5,666.5,670.5,18000
COMP81,2026-01-21,670.0,675.0,667.0,671.0,18000
COMP81,2026-01-22,670.5,675.5,667.5,671.5,18000
COMP81,2026-01-23,671.0,676.0,668.0,672.0,18000
COMP81,2026-01-24,671.5,676.5,668.5,672.5,18000
COMP81,2026-01-25,672.0,677.0,669.0,673.0,18000
COMP81,2026-01-26,672.5,677.5,669.5,673.5,18000
COMP81,2026-01-27,673.0,678.0,670.0,674.0,18000
COMP81,2026-01-28,673.5,678.5,670.5,674.5,18000
COMP81,2026-01-29,674.0,679.0,671.0,675.0,18000
COMP81,2026-01-30,674.5,679.5,671.5,675.5,18000
COMP81,2026-01-31,675.0,680.0,672.0,676.0,18000
COMP81,2026-02-01,675.5,680.5,672.5,676.5,18000
COMP81,2026-02-02,676.0,681.0,673.0,677.0,18000
COMP81,2026-02-03,676.5,681.5,673.5,677.5,18000
COMP81,2026-02-04,677.0,682.0,674.0,678.0,18000
COMP81,2026-02-05,677.5,682.5,674.5,678.5,18000
COMP81,2026-02-06,678.0,683.0,675.0,679.0,18000
COMP81,2026-02-07,678.5,683.5,675.5,679.5,18000
COMP81,2026-02-08,679.0,684.0,676.0,680.0,18000
COMP81,2026-02-09,679.5,684.5,676.5,680.5,18000
COMP81,2026-02-10,680.0,685.0,677.0,681.0,18000
COMP81,2026-02-11,680.5,685.5,677.5,681.5,18000
COMP81,2026-02-12,681.0,686.0,678.0,682.0,18000
COMP81,2026-02-13,681.5,686.5,678.5,682.5,18000
COMP81,2026-02-14,682.0,687.0,679.0,683.0,18000
COMP81,2026-02-15,682.5,687.5,679.5,683.5,18000
COMP81,2026-02-16,683.0,688.0,680.0,684.0,18000
COMP81,2026-02-17,683.5,688.5,680.5,684.5,18000
COMP81,2026-02-18,684.0,689.0,681.0,685.0,18000
COMP81,2026-02-19,684.5,689.5,681.5,685.5,18000
COMP81,2026-02-20,685.0,690.0,682.0,686.0,18000
COMP81,2026-02-21,685.5,690.5,682.5,686.5,18000
COMP81,2026-02-22,686.0,691.0,683.0,687.0,18000
COMP81,2026-02-23,686.5,691.5,683.5,687.5,18000
COMP81,2026-02-24,687.0,692.0,684.0,688.0,18000
COMP81,2026-02-25,687.5,692.5,684.5,688.5,18000
COMP81,2026-02-26,688.0,693.0,685.0,689.0,18000
COMP81,2026-02-27,688.5,693.5,685.5,689.5,18000
COMP81,2026-02-28,689.0,694.0,686.0,690.0,18000
COMP81,2026-03-01,689.5,694.5,686.5,690.5,18000
COMP82,2026-01-01,667.0,672.0,664.0,668.0,18100
COMP82,2026-01-02,667.5,672.5,664.5,668.5,18100
COMP82,2026-01-03,668.0,673.0,665.0,669.0,18100
COMP82,2026-01-04,668.5,673.5,665.5,669.5,18100
COMP82,2026-01-05,669.0,674.0,666.0,670.0,18100
COMP82,2026-01-06,669.5,674.5,666.5,670.5,18100
COMP82,2026-01-07,670.0,675.0,667.0,671.0,18100
COMP82,2026-01-08,670.5,675.5,667.5,671.5,18100
COMP82,2026-01-09,671.0,676.0,668.0,672.0,18100
COMP82,2026-01-10,671.5,676.5,668.5,672.5,18100
COMP82,2026-01-11,672.0,677.0,669.0,673.0,18100
COMP82,2026-01-12,672.5,677.5,669.5,673.5,18100
COMP82,2026-01-13,673.0,678.0,670.0,674.0,18100
COMP82,2026-01-14,673.5,678.5,670.5,674.5,18100
COMP82,2026-01-15,674.0,679.0,671.0,675.0,18100
COMP82,2026-01-16,674.5,679.5,671.5,675.5,18100
COMP82,2026-01-17,675.0,680.0,672.0,676.0,18100
COMP82,2026-01-18,675.5,680.5,672.5,676.5,18100
COMP82,2026-01-19,676.0,681.0,673.0,677.0,18100
COMP82,2026-01-20,676.5,681.5,673.5,677.5,18100
COMP82,2026-01-21,677.0,682.0,674.0,678.0,18100
COMP82,2026-01-22,677.5,682.5,674.5,678.5,18100
COMP82,2026-01-23,678.0,683.0,675.0,679.0,18100
COMP82,2026-01-24,678.5,683.5,675.5,679.5,18100
COMP82,2026-01-25,679.0,684.0,676.0,680.0,18100
COMP82,2026-01-26,679.5,684.5,676.5,680.5,18100
COMP82,2026-01-27,680.0,685.0,677.0,681.0,18100
COMP82,2026-01-28,680.5,685.5,677.5,681.5,18100
COMP82,2026-01-29,681.0,686.0,678.0,682.0,18100
COMP82,2026-01-30,681.5,686.5,678.5,682.5,18100
COMP82,2026-01-31,682.0,687.0,679.0,683.0,18100
COMP82,2026-02-01,682.5,687.5,679.5,683.5,18100
COMP82,2026-02-02,683.0,688.0,680.0,684.0,18100
COMP82,2026-02-03,683.5,688.5,680.5,684.5,18100
COMP82,2026-02-04,684.0,689.0,681.0,685.0,18100
COMP82,2026-02-05,684.5,689.5,681.5,685.5,18100
COMP82,2026-02-06,685.0,690.0,682.0,686.0,18100
COMP82,2026-02-07,685.5,690.5,682.5,686.5,18100
COMP82,2026-02-08,686.0,691.0,683.0,687.0,18100
COMP82,2026-02-09,686.5,691.5,683.5,687.5,18100
COMP82,2026-02-10,687.0,692.0,684.0,688.0,18100
COMP82,2026-02-11,687.5,692.5,684.5,688.5,18100
COMP82,2026-02-12,688.0,693.0,685.0,689.0,18100
COMP82,2026-02-13,688.5,693.5,685.5,689.5,18100
COMP82,2026-02-14,689.0,694.0,686.0,690.0,18100
COMP82,2026-02-15,689.5,694.5,686.5,690.5,18100
COMP82,2026-02-16,690.0,695.0,687.0,691.0,18100
COMP82,2026-02-17,690.5,695.5,687.5,691.5,18100
COMP82,2026-02-18,691.0,696.0,688.0,692.0,18100
COMP82,2026-02-19,691.5,696.5,688.5,692.5,18100
COMP82,2026-02-20,692.0,697.0,689.0,693.0,18100
COMP82,2026-02-21,692.5,697.5,689.5,693.5,18100
COMP82,2026-02-22,693.0,698.0,690.0,694.0,18100
COMP82,2026-02-23,693.5,698.5,690.5,694.5,18100
COMP82,2026-02-24,694.0,699.0,691.0,695.0,18100
COMP82,2026-02-25,694.5,699.5,691.5,695.5,18100
COMP82,2026-02-26,695.0,700.0,692.0,696.0,18100
COMP82,2026-02-27,695.5,700.5,692.5,696.5,18100
COMP82,2026-02-28,696.0,701.0,693.0,697.0,18100
COMP82,2026-03-01,696.5,701.5,693.5,697.5,18100
COMP83,2026-01-01,674.0,679.0,671.0,675.0,18200
COMP83,2026-01-02,674.5,679.5,671.5,675.5,18200
COMP83,2026-01-03,675.0,680.0,672.0,676.0,18200
COMP83,2026-01-04,675.5,680.5,672.5,676.5,18200
COMP83,2026-01-05,676.0,681.0,673.0,677.0,18200
COMP83,2026-01-06,676.5,681.5,673.5,677.5,18200
COMP83,2026-01-07,677.0,682.0,674.0,678.0,18200
COMP83,2026-01-08,677.5,682.5,674.5,678.5,18200
COMP83,2026-01-09,678.0,683.0,675.0,679.0,18200
COMP83,2026-01-10,678.5,683.5,675.5,679.5,18200
COMP83,2026-01-11,679.0,684.0,676.0,680.0,18200
COMP83,2026-01-12,679.5,684.5,676.5,680.5,18200
COMP83,2026-01-13,680.0,685.0,677.0,681.0,18200
COMP83,2026-01-14,680.5,685.5,677.5,681.5,18200
COMP83,2026-01-15,681.0,686.0,678.0,682.0,18200
COMP83,2026-01-16,681.5,686.5,678.5,682.5,18200
COMP83,2026-01-17,682.0,687.0,679.0,683.0,18200
COMP83,2026-01-18,682.5,687.5,679.5,683.5,18200
COMP83,2026-01-19,683.0,688.0,680.0,684.0,18200
COMP83,2026-01-20,683.5,688.5,680.5,684.5,18200
COMP83,2026-01-21,684.0,689.0,681.0,685.0,18200
COMP83,2026-01-22,684.5,689.5,681.5,685.5,18200
COMP83,2026-01-23,685.0,690.0,682.0,686.0,18200
COMP83,2026-01-24,685.5,690.5,682.5,686.5,18200
COMP83,2026-01-25,686.0,691.0,683.0,687.0,18200
COMP83,2026-01-26,686.5,691.5,683.5,687.5,18200
COMP83,2026-01-27,687.0,692.0,684.0,688.0,18200
COMP83,2026-01-28,687.5,692.5,684.5,688.5,18200
COMP83,2026-01-29,688.0,693.0,685.0,689.0,18200
COMP83,2026-01-30,688.5,693.5,685.5,689.5,18200
COMP83,2026-01-31,689.0,694.0,686.0,690.0,18200
COMP83,2026-02-01,689.5,694.5,686.5,690.5,18200
COMP83,2026-02-02,690.0,695.0,687.0,691.0,18200
COMP83,2026-02-03,690.5,695.5,687.5,691.5,18200
COMP83,2026-02-04,691.0,696.0,688.0,692.0,18200
COMP83,2026-02-05,691.5,696.5,688.5,692.5,18200
COMP83,2026-02-06,692.0,697.0,689.0,693.0,18200
COMP83,2026-02-07,692.5,697.5,689.5,693.5,18200
COMP83,2026-02-08,693.0,698.0,690.0,694.0,18200
COMP83,2026-02-09,693.5,698.5,690.5,694.5,18200
COMP83,2026-02-10,694.0,699.0,691.0,695.0,18200
COMP83,2026-02-11,694.5,699.5,691.5,695.5,18200
COMP83,2026-02-12,695.0,700.0,692.0,696.0,18200
COMP83,2026-02-13,695.5,700.5,692.5,696.5,18200
COMP83,2026-02-14,696.0,701.0,693.0,697.0,18200
COMP83,2026-02-15,696.5,701.5,693.5,697.5,18200
COMP83,2026-02-16,697.0,702.0,694.0,698.0,18200
COMP83,2026-02-17,697.5,702.5,694.5,698.5,18200
COMP83,2026-02-18,698.0,703.0,695.0,699.0,18200
COMP83,2026-02-19,698.5,703.5,695.5,699.5,18200
COMP83,2026-02-20,699.0,704.0,696.0,700.0,18200
COMP83,2026-02-21,699.5,704.5,696.5,700.5,18200
COMP83,2026-02-22,700.0,705.0,697.0,701.0,18200
COMP83,2026-02-23,700.5,705.5,697.5,701.5,18200
COMP83,2026-02-24,701.0,706.0,698.0,702.0,18200
COMP83,2026-02-25,701.5,706.5,698.5,702.5,18200
COMP83,2026-02-26,702.0,707.0,699.0,703.0,18200
COMP83,2026-02-27,702.5,707.5,699.5,703.5,18200
COMP83,2026-02-28,703.0,708.0,700.0,704.0,18200
COMP83,2026-03-01,703.5,708.5,700.5,704.5,18200
COMP84,2026-01-01,681.0,686.0,678.0,682.0,18300
COMP84,2026-01-02,681.5,686.5,678.5,682.5,18300
COMP84,2026-01-03,682.0,687.0,679.0,683.0,18300
COMP84,2026-01-04,682.5,687.5,679.5,683.5,18300
COMP84,2026-01-05,683.0,688.0,680.0,684.0,18300
COMP84,2026-01-06,683.5,688.5,680.5,684.5,18300
COMP84,2026-01-07,684.0,689.0,681.0,685.0,18300
COMP84,2026-01-08,684.5,689.5,681.5,685.5,18300
COMP84,2026-01-09,685.0,690.0,682.0,686.0,18300
COMP84,2026-01-10,685.5,690.5,682.5,686.5,18300
COMP84,2026-01-11,686.0,691.0,683.0,687.0,18300
COMP84,2026-01-12,686.5,691.5,683.5,687.5,18300
COMP84,2026-01-13,687.0,692.0,684.0,688.0,18300
COMP84,2026-01-14,687.5,692.5,684.5,688.5,18300
COMP84,2026-01-15,688.0,693.0,685.0,689.0,18300
COMP84,2026-01-16,688.5,693.5,685.5,689.5,18300
COMP84,2026-01-17,689.0,694.0,686.0,690.0,18300
COMP84,2026-01-18,689.5,694.5,686.5,690.5,18300
COMP84,2026-01-19,690.0,695.0,687.0,691.0,18300
COMP84,2026-01-20,690.5,695.5,687.5,691.5,18300
